Time, Disp
0,8
0.001,8.502
0.002,9.00262
0.003,9.50172
0.004,9.99919
0.005,10.4949
0.006,10.9887
0.007,11.4806
0.008,11.9703
0.009,12.4577
0.01,12.9428
0.011,13.4254
0.012,13.9054
0.013,14.3827
0.014,14.8571
0.015,15.3285
0.016,15.7969
0.017,16.2621
0.018,16.7239
0.019,17.1823
0.02,17.6372
0.021,18.0884
0.022,18.5358
0.023,18.9794
0.024,19.4189
0.025,19.8543
0.026,20.2855
0.027,20.7124
0.028,21.1348
0.029,21.5527
0.03,21.9659
0.031,22.3744
0.032,22.778
0.033,23.1766
0.034,23.5702
0.035,23.9586
0.036,24.3417
0.037,24.7195
0.038,25.0918
0.039,25.4585
0.04,25.8196
0.041,26.1749
0.042,26.5244
0.043,26.868
0.044,27.2055
0.045,27.537
0.046,27.8622
0.047,28.1812
0.048,28.4938
0.049,28.7999
0.05,29.0996
0.051,29.3926
0.052,29.6789
0.053,29.9585
0.054,30.2313
0.055,30.4971
0.056,30.756
0.057,31.0078
0.058,31.2525
0.059,31.49
0.06,31.7203
0.061,31.9433
0.062,32.1589
0.063,32.367
0.064,32.5677
0.065,32.7609
0.066,32.9464
0.067,33.1243
0.068,33.2945
0.069,33.4569
0.07,33.6116
0.071,33.7584
0.072,33.8973
0.073,34.0283
0.074,34.1514
0.075,34.2664
0.076,34.3734
0.077,34.4724
0.078,34.5632
0.079,34.6459
0.08,34.7204
0.081,34.7868
0.082,34.8449
0.083,34.8948
0.084,34.9365
0.085,34.9699
0.086,34.995
0.087,35.0118
0.088,35.0203
0.089,35.0204
0.09,35.0123
0.091,34.9958
0.092,34.9709
0.093,34.9377
0.094,34.8962
0.095,34.8464
0.096,34.7882
0.097,34.7216
0.098,34.6468
0.099,34.5636
0.1,34.4721
0.101,34.3724
0.102,34.2644
0.103,34.1481
0.104,34.0236
0.105,33.8909
0.106,33.75
0.107,33.6009
0.108,33.4437
0.109,33.2784
0.11,33.1051
0.111,32.9237
0.112,32.7343
0.113,32.5369
0.114,32.3317
0.115,32.1185
0.116,31.8975
0.117,31.6687
0.118,31.4322
0.119,31.188
0.12,30.9361
0.121,30.6767
0.122,30.4097
0.123,30.1352
0.124,29.8534
0.125,29.5641
0.126,29.2676
0.127,28.9639
0.128,28.6529
0.129,28.3349
0.13,28.0099
0.131,27.6779
0.132,27.339
0.133,26.9933
0.134,26.6409
0.135,26.2818
0.136,25.9162
0.137,25.544
0.138,25.1655
0.139,24.7806
0.14,24.3895
0.141,23.9922
0.142,23.5889
0.143,23.1796
0.144,22.7644
0.145,22.3435
0.146,21.9168
0.147,21.4846
0.148,21.0468
0.149,20.6037
0.15,20.1553
0.151,19.7017
0.152,19.243
0.153,18.7793
0.154,18.3107
0.155,17.8373
0.156,17.3593
0.157,16.8768
0.158,16.3898
0.159,15.8984
0.16,15.4029
0.161,14.9032
0.162,14.3996
0.163,13.8921
0.164,13.3808
0.165,12.8659
0.166,12.3475
0.167,11.8257
0.168,11.3006
0.169,10.7724
0.17,10.2411
0.171,9.7069
0.172,9.16993
0.173,8.63031
0.174,8.08815
0.175,7.54359
0.176,6.99675
0.177,6.44775
0.178,5.89674
0.179,5.34383
0.18,4.78915
0.181,4.23284
0.182,3.67503
0.183,3.11584
0.184,2.55541
0.185,1.99387
0.186,1.43136
0.187,0.867994
0.188,0.303917
0.189,-0.260741
0.19,-0.825846
0.191,-1.39127
0.192,-1.95687
0.193,-2.52251
0.194,-3.08807
0.195,-3.65341
0.196,-4.2184
0.197,-4.7829
0.198,-5.34678
0.199,-5.9099
0.2,-6.47214
0.201,-7.03335
0.202,-7.59341
0.203,-8.15217
0.204,-8.70952
0.205,-9.26531
0.206,-9.81942
0.207,-10.3717
0.208,-10.9221
0.209,-11.4703
0.21,-12.0164
0.211,-12.5601
0.212,-13.1013
0.213,-13.6399
0.214,-14.1758
0.215,-14.7089
0.216,-15.2389
0.217,-15.7659
0.218,-16.2896
0.219,-16.8099
0.22,-17.3268
0.221,-17.84
0.222,-18.3495
0.223,-18.8551
0.224,-19.3568
0.225,-19.8543
0.226,-20.3476
0.227,-20.8366
0.228,-21.3212
0.229,-21.8011
0.23,-22.2764
0.231,-22.7468
0.232,-23.2123
0.233,-23.6728
0.234,-24.1282
0.235,-24.5783
0.236,-25.023
0.237,-25.4622
0.238,-25.8959
0.239,-26.3239
0.24,-26.746
0.241,-27.1623
0.242,-27.5726
0.243,-27.9768
0.244,-28.3748
0.245,-28.7666
0.246,-29.1519
0.247,-29.5307
0.248,-29.903
0.249,-30.2686
0.25,-30.6274
0.251,-30.9794
0.252,-31.3245
0.253,-31.6625
0.254,-31.9934
0.255,-32.3172
0.256,-32.6337
0.257,-32.9428
0.258,-33.2446
0.259,-33.5388
0.26,-33.8255
0.261,-34.1045
0.262,-34.3758
0.263,-34.6393
0.264,-34.895
0.265,-35.1428
0.266,-35.3826
0.267,-35.6144
0.268,-35.838
0.269,-36.0536
0.27,-36.2609
0.271,-36.4599
0.272,-36.6507
0.273,-36.8331
0.274,-37.0071
0.275,-37.1726
0.276,-37.3296
0.277,-37.4781
0.278,-37.6181
0.279,-37.7494
0.28,-37.872
0.281,-37.986
0.282,-38.0913
0.283,-38.1878
0.284,-38.2755
0.285,-38.3545
0.286,-38.4246
0.287,-38.4859
0.288,-38.5383
0.289,-38.5818
0.29,-38.6165
0.291,-38.6422
0.292,-38.6591
0.293,-38.667
0.294,-38.6659
0.295,-38.656
0.296,-38.6371
0.297,-38.6092
0.298,-38.5725
0.299,-38.5268
0.3,-38.4721
0.301,-38.4086
0.302,-38.3361
0.303,-38.2548
0.304,-38.1646
0.305,-38.0655
0.306,-37.9575
0.307,-37.8408
0.308,-37.7152
0.309,-37.5809
0.31,-37.4378
0.311,-37.286
0.312,-37.1255
0.313,-36.9563
0.314,-36.7786
0.315,-36.5922
0.316,-36.3973
0.317,-36.1939
0.318,-35.9821
0.319,-35.7618
0.32,-35.5332
0.321,-35.2963
0.322,-35.0511
0.323,-34.7977
0.324,-34.5361
0.325,-34.2664
0.326,-33.9887
0.327,-33.7031
0.328,-33.4095
0.329,-33.108
0.33,-32.7988
0.331,-32.4819
0.332,-32.1573
0.333,-31.8252
0.334,-31.4856
0.335,-31.1385
0.336,-30.7841
0.337,-30.4225
0.338,-30.0536
0.339,-29.6777
0.34,-29.2948
0.341,-28.9049
0.342,-28.5082
0.343,-28.1048
0.344,-27.6947
0.345,-27.278
0.346,-26.8548
0.347,-26.4253
0.348,-25.9896
0.349,-25.5476
0.35,-25.0996
0.351,-24.6455
0.352,-24.1857
0.353,-23.72
0.354,-23.2487
0.355,-22.7719
0.356,-22.2896
0.357,-21.8019
0.358,-21.3091
0.359,-20.8111
0.36,-20.3082
0.361,-19.8004
0.362,-19.2878
0.363,-18.7705
0.364,-18.2488
0.365,-17.7226
0.366,-17.1922
0.367,-16.6576
0.368,-16.1189
0.369,-15.5764
0.37,-15.03
0.371,-14.48
0.372,-13.9265
0.373,-13.3695
0.374,-12.8093
0.375,-12.2459
0.376,-11.6795
0.377,-11.1102
0.378,-10.5381
0.379,-9.9634
0.38,-9.38622
0.381,-8.80668
0.382,-8.22491
0.383,-7.64104
0.384,-7.05523
0.385,-6.46759
0.386,-5.87826
0.387,-5.28739
0.388,-4.6951
0.389,-4.10155
0.39,-3.50685
0.391,-2.91116
0.392,-2.31461
0.393,-1.71733
0.394,-1.11947
0.395,-0.521172
0.396,0.0774354
0.397,0.676209
0.398,1.27501
0.399,1.8737
0.4,2.47214
0.401,3.07018
0.402,3.6677
0.403,4.26455
0.404,4.86059
0.405,5.45569
0.406,6.0497
0.407,6.64249
0.408,7.23391
0.409,7.82384
0.41,8.41214
0.411,8.99866
0.412,9.58327
0.413,10.1658
0.414,10.7462
0.415,11.3243
0.416,11.8999
0.417,12.4729
0.418,13.0432
0.419,13.6107
0.42,14.1752
0.421,14.7365
0.422,15.2946
0.423,15.8493
0.424,16.4006
0.425,16.9482
0.426,17.492
0.427,18.0319
0.428,18.5678
0.429,19.0996
0.43,19.6271
0.431,20.1502
0.432,20.6688
0.433,21.1828
0.434,21.692
0.435,22.1963
0.436,22.6957
0.437,23.1899
0.438,23.679
0.439,24.1626
0.44,24.6409
0.441,25.1136
0.442,25.5806
0.443,26.0418
0.444,26.4971
0.445,26.9464
0.446,27.3897
0.447,27.8267
0.448,28.2574
0.449,28.6817
0.45,29.0996
0.451,29.5108
0.452,29.9153
0.453,30.313
0.454,30.7038
0.455,31.0876
0.456,31.4644
0.457,31.834
0.458,32.1963
0.459,32.5514
0.46,32.899
0.461,33.2391
0.462,33.5717
0.463,33.8966
0.464,34.2137
0.465,34.5231
0.466,34.8246
0.467,35.1181
0.468,35.4037
0.469,35.6811
0.47,35.9504
0.471,36.2115
0.472,36.4643
0.473,36.7088
0.474,36.9449
0.475,37.1726
0.476,37.3918
0.477,37.6024
0.478,37.8044
0.479,37.9978
0.48,38.1825
0.481,38.3584
0.482,38.5256
0.483,38.684
0.484,38.8335
0.485,38.9741
0.486,39.1059
0.487,39.2286
0.488,39.3424
0.489,39.4472
0.49,39.5429
0.491,39.6296
0.492,39.7073
0.493,39.7758
0.494,39.8353
0.495,39.8856
0.496,39.9268
0.497,39.9588
0.498,39.9817
0.499,39.9954
0.5,40
0.501,39.9954
0.502,39.9817
0.503,39.9588
0.504,39.9268
0.505,39.8856
0.506,39.8353
0.507,39.7758
0.508,39.7073
0.509,39.6296
0.51,39.5429
0.511,39.4472
0.512,39.3424
0.513,39.2286
0.514,39.1059
0.515,38.9741
0.516,38.8335
0.517,38.684
0.518,38.5256
0.519,38.3584
0.52,38.1825
0.521,37.9978
0.522,37.8044
0.523,37.6024
0.524,37.3918
0.525,37.1726
0.526,36.9449
0.527,36.7088
0.528,36.4643
0.529,36.2115
0.53,35.9504
0.531,35.6811
0.532,35.4037
0.533,35.1181
0.534,34.8246
0.535,34.5231
0.536,34.2137
0.537,33.8966
0.538,33.5717
0.539,33.2391
0.54,32.899
0.541,32.5514
0.542,32.1963
0.543,31.834
0.544,31.4644
0.545,31.0876
0.546,30.7038
0.547,30.313
0.548,29.9153
0.549,29.5108
0.55,29.0996
0.551,28.6817
0.552,28.2574
0.553,27.8267
0.554,27.3897
0.555,26.9464
0.556,26.4971
0.557,26.0418
0.558,25.5806
0.559,25.1136
0.56,24.6409
0.561,24.1626
0.562,23.679
0.563,23.1899
0.564,22.6957
0.565,22.1963
0.566,21.692
0.567,21.1828
0.568,20.6688
0.569,20.1502
0.57,19.6271
0.571,19.0996
0.572,18.5678
0.573,18.0319
0.574,17.492
0.575,16.9482
0.576,16.4006
0.577,15.8493
0.578,15.2946
0.579,14.7365
0.58,14.1752
0.581,13.6107
0.582,13.0432
0.583,12.4729
0.584,11.8999
0.585,11.3243
0.586,10.7462
0.587,10.1658
0.588,9.58327
0.589,8.99866
0.59,8.41214
0.591,7.82384
0.592,7.23391
0.593,6.64249
0.594,6.0497
0.595,5.45569
0.596,4.86059
0.597,4.26455
0.598,3.6677
0.599,3.07018
0.6,2.47214
0.601,1.8737
0.602,1.27501
0.603,0.676209
0.604,0.0774354
0.605,-0.521172
0.606,-1.11947
0.607,-1.71733
0.608,-2.31461
0.609,-2.91116
0.61,-3.50685
0.611,-4.10155
0.612,-4.6951
0.613,-5.28739
0.614,-5.87826
0.615,-6.46759
0.616,-7.05523
0.617,-7.64104
0.618,-8.22491
0.619,-8.80668
0.62,-9.38622
0.621,-9.9634
0.622,-10.5381
0.623,-11.1102
0.624,-11.6795
0.625,-12.2459
0.626,-12.8093
0.627,-13.3695
0.628,-13.9265
0.629,-14.48
0.63,-15.03
0.631,-15.5764
0.632,-16.1189
0.633,-16.6576
0.634,-17.1922
0.635,-17.7226
0.636,-18.2488
0.637,-18.7705
0.638,-19.2878
0.639,-19.8004
0.64,-20.3082
0.641,-20.8111
0.642,-21.3091
0.643,-21.8019
0.644,-22.2896
0.645,-22.7719
0.646,-23.2487
0.647,-23.72
0.648,-24.1857
0.649,-24.6455
0.65,-25.0996
0.651,-25.5476
0.652,-25.9896
0.653,-26.4253
0.654,-26.8548
0.655,-27.278
0.656,-27.6947
0.657,-28.1048
0.658,-28.5082
0.659,-28.9049
0.66,-29.2948
0.661,-29.6777
0.662,-30.0536
0.663,-30.4225
0.664,-30.7841
0.665,-31.1385
0.666,-31.4856
0.667,-31.8252
0.668,-32.1573
0.669,-32.4819
0.67,-32.7988
0.671,-33.108
0.672,-33.4095
0.673,-33.7031
0.674,-33.9887
0.675,-34.2664
0.676,-34.5361
0.677,-34.7977
0.678,-35.0511
0.679,-35.2963
0.68,-35.5332
0.681,-35.7618
0.682,-35.9821
0.683,-36.1939
0.684,-36.3973
0.685,-36.5922
0.686,-36.7786
0.687,-36.9563
0.688,-37.1255
0.689,-37.286
0.69,-37.4378
0.691,-37.5809
0.692,-37.7152
0.693,-37.8408
0.694,-37.9575
0.695,-38.0655
0.696,-38.1646
0.697,-38.2548
0.698,-38.3361
0.699,-38.4086
0.7,-38.4721
0.701,-38.5268
0.702,-38.5725
0.703,-38.6092
0.704,-38.6371
0.705,-38.656
0.706,-38.6659
0.707,-38.667
0.708,-38.6591
0.709,-38.6422
0.71,-38.6165
0.711,-38.5818
0.712,-38.5383
0.713,-38.4859
0.714,-38.4246
0.715,-38.3545
0.716,-38.2755
0.717,-38.1878
0.718,-38.0913
0.719,-37.986
0.72,-37.872
0.721,-37.7494
0.722,-37.6181
0.723,-37.4781
0.724,-37.3296
0.725,-37.1726
0.726,-37.0071
0.727,-36.8331
0.728,-36.6507
0.729,-36.4599
0.73,-36.2609
0.731,-36.0536
0.732,-35.838
0.733,-35.6144
0.734,-35.3826
0.735,-35.1428
0.736,-34.895
0.737,-34.6393
0.738,-34.3758
0.739,-34.1045
0.74,-33.8255
0.741,-33.5388
0.742,-33.2446
0.743,-32.9428
0.744,-32.6337
0.745,-32.3172
0.746,-31.9934
0.747,-31.6625
0.748,-31.3245
0.749,-30.9794
0.75,-30.6274
0.751,-30.2686
0.752,-29.903
0.753,-29.5307
0.754,-29.1519
0.755,-28.7666
0.756,-28.3748
0.757,-27.9768
0.758,-27.5726
0.759,-27.1623
0.76,-26.746
0.761,-26.3239
0.762,-25.8959
0.763,-25.4622
0.764,-25.023
0.765,-24.5783
0.766,-24.1282
0.767,-23.6728
0.768,-23.2123
0.769,-22.7468
0.77,-22.2764
0.771,-21.8011
0.772,-21.3212
0.773,-20.8366
0.774,-20.3476
0.775,-19.8543
0.776,-19.3568
0.777,-18.8551
0.778,-18.3495
0.779,-17.84
0.78,-17.3268
0.781,-16.8099
0.782,-16.2896
0.783,-15.7659
0.784,-15.2389
0.785,-14.7089
0.786,-14.1758
0.787,-13.6399
0.788,-13.1013
0.789,-12.5601
0.79,-12.0164
0.791,-11.4703
0.792,-10.9221
0.793,-10.3717
0.794,-9.81942
0.795,-9.26531
0.796,-8.70952
0.797,-8.15217
0.798,-7.59341
0.799,-7.03335
0.8,-6.47214
0.801,-5.9099
0.802,-5.34678
0.803,-4.7829
0.804,-4.2184
0.805,-3.65341
0.806,-3.08807
0.807,-2.52251
0.808,-1.95687
0.809,-1.39127
0.81,-0.825846
0.811,-0.260741
0.812,0.303917
0.813,0.867994
0.814,1.43136
0.815,1.99387
0.816,2.55541
0.817,3.11584
0.818,3.67503
0.819,4.23284
0.82,4.78915
0.821,5.34383
0.822,5.89674
0.823,6.44775
0.824,6.99675
0.825,7.54359
0.826,8.08815
0.827,8.63031
0.828,9.16993
0.829,9.7069
0.83,10.2411
0.831,10.7724
0.832,11.3006
0.833,11.8257
0.834,12.3475
0.835,12.8659
0.836,13.3808
0.837,13.8921
0.838,14.3996
0.839,14.9032
0.84,15.4029
0.841,15.8984
0.842,16.3898
0.843,16.8768
0.844,17.3593
0.845,17.8373
0.846,18.3107
0.847,18.7793
0.848,19.243
0.849,19.7017
0.85,20.1553
0.851,20.6037
0.852,21.0468
0.853,21.4846
0.854,21.9168
0.855,22.3435
0.856,22.7644
0.857,23.1796
0.858,23.5889
0.859,23.9922
0.86,24.3895
0.861,24.7806
0.862,25.1655
0.863,25.544
0.864,25.9162
0.865,26.2818
0.866,26.6409
0.867,26.9933
0.868,27.339
0.869,27.6779
0.87,28.0099
0.871,28.3349
0.872,28.6529
0.873,28.9639
0.874,29.2676
0.875,29.5641
0.876,29.8534
0.877,30.1352
0.878,30.4097
0.879,30.6767
0.88,30.9361
0.881,31.188
0.882,31.4322
0.883,31.6687
0.884,31.8975
0.885,32.1185
0.886,32.3317
0.887,32.5369
0.888,32.7343
0.889,32.9237
0.89,33.1051
0.891,33.2784
0.892,33.4437
0.893,33.6009
0.894,33.75
0.895,33.8909
0.896,34.0236
0.897,34.1481
0.898,34.2644
0.899,34.3724
0.9,34.4721
0.901,34.5636
0.902,34.6468
0.903,34.7216
0.904,34.7882
0.905,34.8464
0.906,34.8962
0.907,34.9377
0.908,34.9709
0.909,34.9958
0.91,35.0123
0.911,35.0204
0.912,35.0203
0.913,35.0118
0.914,34.995
0.915,34.9699
0.916,34.9365
0.917,34.8948
0.918,34.8449
0.919,34.7868
0.92,34.7204
0.921,34.6459
0.922,34.5632
0.923,34.4724
0.924,34.3734
0.925,34.2664
0.926,34.1514
0.927,34.0283
0.928,33.8973
0.929,33.7584
0.93,33.6116
0.931,33.4569
0.932,33.2945
0.933,33.1243
0.934,32.9464
0.935,32.7609
0.936,32.5677
0.937,32.367
0.938,32.1589
0.939,31.9433
0.94,31.7203
0.941,31.49
0.942,31.2525
0.943,31.0078
0.944,30.756
0.945,30.4971
0.946,30.2313
0.947,29.9585
0.948,29.6789
0.949,29.3926
0.95,29.0996
0.951,28.7999
0.952,28.4938
0.953,28.1812
0.954,27.8622
0.955,27.537
0.956,27.2055
0.957,26.868
0.958,26.5244
0.959,26.1749
0.96,25.8196
0.961,25.4585
0.962,25.0918
0.963,24.7195
0.964,24.3417
0.965,23.9586
0.966,23.5702
0.967,23.1766
0.968,22.778
0.969,22.3744
0.97,21.9659
0.971,21.5527
0.972,21.1348
0.973,20.7124
0.974,20.2855
0.975,19.8543
0.976,19.4189
0.977,18.9794
0.978,18.5358
0.979,18.0884
0.98,17.6372
0.981,17.1823
0.982,16.7239
0.983,16.2621
0.984,15.7969
0.985,15.3285
0.986,14.8571
0.987,14.3827
0.988,13.9054
0.989,13.4254
0.99,12.9428
0.991,12.4577
0.992,11.9703
0.993,11.4806
0.994,10.9887
0.995,10.4949
0.996,9.99919
0.997,9.50172
0.998,9.00262
0.999,8.502
1,8
1.001,7.49673
1.002,6.99233
1.003,6.48691
1.004,5.9806
1.005,5.47352
1.006,4.96581
1.007,4.45757
1.008,3.94894
1.009,3.44005
1.01,2.93101
1.011,2.42196
1.012,1.91301
1.013,1.40429
1.014,0.895931
1.015,0.388046
1.016,-0.119236
1.017,-0.625793
1.018,-1.1315
1.019,-1.63624
1.02,-2.13988
1.021,-2.6423
1.022,-3.14339
1.023,-3.64302
1.024,-4.14107
1.025,-4.63742
1.026,-5.13195
1.027,-5.62454
1.028,-6.11507
1.029,-6.60342
1.03,-7.08948
1.031,-7.57314
1.032,-8.05426
1.033,-8.53275
1.034,-9.00848
1.035,-9.48134
1.036,-9.95122
1.037,-10.418
1.038,-10.8816
1.039,-11.3418
1.04,-11.7987
1.041,-12.252
1.042,-12.7016
1.043,-13.1476
1.044,-13.5896
1.045,-14.0277
1.046,-14.4618
1.047,-14.8916
1.048,-15.3172
1.049,-15.7385
1.05,-16.1553
1.051,-16.5675
1.052,-16.9751
1.053,-17.3779
1.054,-17.7759
1.055,-18.1689
1.056,-18.5569
1.057,-18.9398
1.058,-19.3174
1.059,-19.6898
1.06,-20.0568
1.061,-20.4183
1.062,-20.7743
1.063,-21.1246
1.064,-21.4693
1.065,-21.8081
1.066,-22.1411
1.067,-22.4681
1.068,-22.7891
1.069,-23.1041
1.07,-23.4128
1.071,-23.7154
1.072,-24.0116
1.073,-24.3015
1.074,-24.5849
1.075,-24.8619
1.076,-25.1323
1.077,-25.3961
1.078,-25.6532
1.079,-25.9036
1.08,-26.1472
1.081,-26.384
1.082,-26.6139
1.083,-26.8369
1.084,-27.0528
1.085,-27.2618
1.086,-27.4637
1.087,-27.6585
1.088,-27.8461
1.089,-28.0266
1.09,-28.1998
1.091,-28.3658
1.092,-28.5244
1.093,-28.6758
1.094,-28.8198
1.095,-28.9564
1.096,-29.0856
1.097,-29.2073
1.098,-29.3217
1.099,-29.4285
1.1,-29.5279
1.101,-29.6197
1.102,-29.7041
1.103,-29.7809
1.104,-29.8501
1.105,-29.9118
1.106,-29.966
1.107,-30.0126
1.108,-30.0516
1.109,-30.0831
1.11,-30.107
1.111,-30.1233
1.112,-30.1321
1.113,-30.1333
1.114,-30.127
1.115,-30.1132
1.116,-30.0918
1.117,-30.0629
1.118,-30.0266
1.119,-29.9828
1.12,-29.9315
1.121,-29.8728
1.122,-29.8067
1.123,-29.7332
1.124,-29.6523
1.125,-29.5641
1.126,-29.4687
1.127,-29.3659
1.128,-29.256
1.129,-29.1388
1.13,-29.0145
1.131,-28.8831
1.132,-28.7446
1.133,-28.5991
1.134,-28.4466
1.135,-28.2872
1.136,-28.1208
1.137,-27.9476
1.138,-27.7677
1.139,-27.581
1.14,-27.3876
1.141,-27.1876
1.142,-26.981
1.143,-26.7679
1.144,-26.5484
1.145,-26.3225
1.146,-26.0903
1.147,-25.8518
1.148,-25.6072
1.149,-25.3564
1.15,-25.0996
1.151,-24.8368
1.152,-24.5681
1.153,-24.2935
1.154,-24.0133
1.155,-23.7273
1.156,-23.4358
1.157,-23.1388
1.158,-22.8363
1.159,-22.5285
1.16,-22.2154
1.161,-21.8971
1.162,-21.5737
1.163,-21.2454
1.164,-20.9121
1.165,-20.574
1.166,-20.2311
1.167,-19.8837
1.168,-19.5316
1.169,-19.1752
1.17,-18.8143
1.171,-18.4492
1.172,-18.0799
1.173,-17.7066
1.174,-17.3293
1.175,-16.9482
1.176,-16.5632
1.177,-16.1746
1.178,-15.7825
1.179,-15.3869
1.18,-14.9879
1.181,-14.5857
1.182,-14.1804
1.183,-13.772
1.184,-13.3607
1.185,-12.9466
1.186,-12.5298
1.187,-12.1104
1.188,-11.6885
1.189,-11.2642
1.19,-10.8377
1.191,-10.4089
1.192,-9.97819
1.193,-9.54551
1.194,-9.11101
1.195,-8.6748
1.196,-8.237
1.197,-7.79771
1.198,-7.35707
1.199,-6.91517
1.2,-6.47214
1.201,-6.02808
1.202,-5.58312
1.203,-5.13736
1.204,-4.69093
1.205,-4.24393
1.206,-3.79649
1.207,-3.34872
1.208,-2.90072
1.209,-2.45263
1.21,-2.00455
1.211,-1.5566
1.212,-1.10889
1.213,-0.661538
1.214,-0.214658
1.215,0.231635
1.216,0.677229
1.217,1.12201
1.218,1.56586
1.219,2.00867
1.22,2.45033
1.221,2.89073
1.222,3.32974
1.223,3.76727
1.224,4.2032
1.225,4.63742
1.226,5.06982
1.227,5.50029
1.228,5.92872
1.229,6.355
1.23,6.77903
1.231,7.2007
1.232,7.6199
1.233,8.03653
1.234,8.45048
1.235,8.86166
1.236,9.26994
1.237,9.67524
1.238,10.0775
1.239,10.4765
1.24,10.8722
1.241,11.2646
1.242,11.6534
1.243,12.0387
1.244,12.4203
1.245,12.7981
1.246,13.1721
1.247,13.5421
1.248,13.908
1.249,14.2698
1.25,14.6274
1.251,14.9807
1.252,15.3295
1.253,15.6739
1.254,16.0137
1.255,16.3488
1.256,16.6792
1.257,17.0047
1.258,17.3254
1.259,17.641
1.26,17.9516
1.261,18.2571
1.262,18.5574
1.263,18.8523
1.264,19.142
1.265,19.4262
1.266,19.7049
1.267,19.9781
1.268,20.2456
1.269,20.5074
1.27,20.7635
1.271,21.0138
1.272,21.2582
1.273,21.4967
1.274,21.7292
1.275,21.9557
1.276,22.1761
1.277,22.3903
1.278,22.5983
1.279,22.8001
1.28,22.9956
1.281,23.1848
1.282,23.3675
1.283,23.5439
1.284,23.7138
1.285,23.8772
1.286,24.0341
1.287,24.1844
1.288,24.3281
1.289,24.4652
1.29,24.5956
1.291,24.7193
1.292,24.8363
1.293,24.9465
1.294,25.05
1.295,25.1467
1.296,25.2366
1.297,25.3197
1.298,25.3959
1.299,25.4653
1.3,25.5279
1.301,25.5835
1.302,25.6323
1.303,25.6742
1.304,25.7092
1.305,25.7372
1.306,25.7584
1.307,25.7727
1.308,25.7801
1.309,25.7807
1.31,25.7743
1.311,25.761
1.312,25.7409
1.313,25.7139
1.314,25.6801
1.315,25.6395
1.316,25.592
1.317,25.5377
1.318,25.4767
1.319,25.4089
1.32,25.3344
1.321,25.2532
1.322,25.1653
1.323,25.0708
1.324,24.9696
1.325,24.8619
1.326,24.7476
1.327,24.6268
1.328,24.4995
1.329,24.3657
1.33,24.2256
1.331,24.0791
1.332,23.9263
1.333,23.7672
1.334,23.6019
1.335,23.4305
1.336,23.2529
1.337,23.0692
1.338,22.8795
1.339,22.6839
1.34,22.4823
1.341,22.2749
1.342,22.0617
1.343,21.8428
1.344,21.6182
1.345,21.388
1.346,21.1523
1.347,20.9111
1.348,20.6644
1.349,20.4125
1.35,20.1553
1.351,19.8929
1.352,19.6254
1.353,19.3528
1.354,19.0752
1.355,18.7928
1.356,18.5056
1.357,18.2136
1.358,17.917
1.359,17.6158
1.36,17.3101
1.361,17
1.362,16.6856
1.363,16.3669
1.364,16.0441
1.365,15.7173
1.366,15.3865
1.367,15.0518
1.368,14.7133
1.369,14.3711
1.37,14.0254
1.371,13.6761
1.372,13.3234
1.373,12.9674
1.374,12.6082
1.375,12.2459
1.376,11.8805
1.377,11.5122
1.378,11.1411
1.379,10.7673
1.38,10.3909
1.381,10.0119
1.382,9.63052
1.383,9.24683
1.384,8.86093
1.385,8.47292
1.386,8.08291
1.387,7.691
1.388,7.2973
1.389,6.90192
1.39,6.50495
1.391,6.10652
1.392,5.70672
1.393,5.30566
1.394,4.90346
1.395,4.50021
1.396,4.09603
1.397,3.69102
1.398,3.2853
1.399,2.87897
1.4,2.47214
1.401,2.06491
1.402,1.65741
1.403,1.24974
1.404,0.841998
1.405,0.434305
1.406,0.0267667
1.407,-0.380509
1.408,-0.787412
1.409,-1.19383
1.41,-1.59967
1.411,-2.00481
1.412,-2.40914
1.413,-2.81255
1.414,-3.21495
1.415,-3.61622
1.416,-4.01626
1.417,-4.41495
1.418,-4.8122
1.419,-5.20789
1.42,-5.60193
1.421,-5.9942
1.422,-6.38461
1.423,-6.77304
1.424,-7.1594
1.425,-7.54359
1.426,-7.92549
1.427,-8.30502
1.428,-8.68206
1.429,-9.05652
1.43,-9.4283
1.431,-9.79731
1.432,-10.1634
1.433,-10.5266
1.434,-10.8867
1.435,-11.2436
1.436,-11.5972
1.437,-11.9475
1.438,-12.2944
1.439,-12.6377
1.44,-12.9774
1.441,-13.3133
1.442,-13.6455
1.443,-13.9738
1.444,-14.298
1.445,-14.6182
1.446,-14.9343
1.447,-15.2461
1.448,-15.5536
1.449,-15.8567
1.45,-16.1553
1.451,-16.4493
1.452,-16.7387
1.453,-17.0234
1.454,-17.3033
1.455,-17.5784
1.456,-17.8485
1.457,-18.1136
1.458,-18.3736
1.459,-18.6284
1.46,-18.8781
1.461,-19.1225
1.462,-19.3615
1.463,-19.5951
1.464,-19.8233
1.465,-20.0459
1.466,-20.2629
1.467,-20.4743
1.468,-20.68
1.469,-20.8799
1.47,-21.074
1.471,-21.2623
1.472,-21.4446
1.473,-21.621
1.474,-21.7914
1.475,-21.9557
1.476,-22.1139
1.477,-22.266
1.478,-22.412
1.479,-22.5517
1.48,-22.6851
1.481,-22.8123
1.482,-22.9332
1.483,-23.0477
1.484,-23.1558
1.485,-23.2575
1.486,-23.3528
1.487,-23.4416
1.488,-23.524
1.489,-23.5998
1.49,-23.6691
1.491,-23.7319
1.492,-23.7881
1.493,-23.8377
1.494,-23.8807
1.495,-23.9171
1.496,-23.947
1.497,-23.9702
1.498,-23.9867
1.499,-23.9967
1.5,-24
1.501,-23.9967
1.502,-23.9867
1.503,-23.9702
1.504,-23.947
1.505,-23.9171
1.506,-23.8807
1.507,-23.8377
1.508,-23.7881
1.509,-23.7319
1.51,-23.6691
1.511,-23.5998
1.512,-23.524
1.513,-23.4416
1.514,-23.3528
1.515,-23.2575
1.516,-23.1558
1.517,-23.0477
1.518,-22.9332
1.519,-22.8123
1.52,-22.6851
1.521,-22.5517
1.522,-22.412
1.523,-22.266
1.524,-22.1139
1.525,-21.9557
1.526,-21.7914
1.527,-21.621
1.528,-21.4446
1.529,-21.2623
1.53,-21.074
1.531,-20.8799
1.532,-20.68
1.533,-20.4743
1.534,-20.2629
1.535,-20.0459
1.536,-19.8233
1.537,-19.5951
1.538,-19.3615
1.539,-19.1225
1.54,-18.8781
1.541,-18.6284
1.542,-18.3736
1.543,-18.1136
1.544,-17.8485
1.545,-17.5784
1.546,-17.3033
1.547,-17.0234
1.548,-16.7387
1.549,-16.4493
1.55,-16.1553
1.551,-15.8567
1.552,-15.5536
1.553,-15.2461
1.554,-14.9343
1.555,-14.6182
1.556,-14.298
1.557,-13.9738
1.558,-13.6455
1.559,-13.3133
1.56,-12.9774
1.561,-12.6377
1.562,-12.2944
1.563,-11.9475
1.564,-11.5972
1.565,-11.2436
1.566,-10.8867
1.567,-10.5266
1.568,-10.1634
1.569,-9.79731
1.57,-9.4283
1.571,-9.05652
1.572,-8.68206
1.573,-8.30502
1.574,-7.92549
1.575,-7.54359
1.576,-7.1594
1.577,-6.77304
1.578,-6.38461
1.579,-5.9942
1.58,-5.60193
1.581,-5.20789
1.582,-4.8122
1.583,-4.41495
1.584,-4.01626
1.585,-3.61622
1.586,-3.21495
1.587,-2.81255
1.588,-2.40914
1.589,-2.00481
1.59,-1.59967
1.591,-1.19383
1.592,-0.787412
1.593,-0.380509
1.594,0.0267667
1.595,0.434305
1.596,0.841998
1.597,1.24974
1.598,1.65741
1.599,2.06491
1.6,2.47214
1.601,2.87897
1.602,3.2853
1.603,3.69102
1.604,4.09603
1.605,4.50021
1.606,4.90346
1.607,5.30566
1.608,5.70672
1.609,6.10652
1.61,6.50495
1.611,6.90192
1.612,7.2973
1.613,7.691
1.614,8.08291
1.615,8.47292
1.616,8.86093
1.617,9.24683
1.618,9.63052
1.619,10.0119
1.62,10.3909
1.621,10.7673
1.622,11.1411
1.623,11.5122
1.624,11.8805
1.625,12.2459
1.626,12.6082
1.627,12.9674
1.628,13.3234
1.629,13.6761
1.63,14.0254
1.631,14.3711
1.632,14.7133
1.633,15.0518
1.634,15.3865
1.635,15.7173
1.636,16.0441
1.637,16.3669
1.638,16.6856
1.639,17
1.64,17.3101
1.641,17.6158
1.642,17.917
1.643,18.2136
1.644,18.5056
1.645,18.7928
1.646,19.0752
1.647,19.3528
1.648,19.6254
1.649,19.8929
1.65,20.1553
1.651,20.4125
1.652,20.6644
1.653,20.9111
1.654,21.1523
1.655,21.388
1.656,21.6182
1.657,21.8428
1.658,22.0617
1.659,22.2749
1.66,22.4823
1.661,22.6839
1.662,22.8795
1.663,23.0692
1.664,23.2529
1.665,23.4305
1.666,23.6019
1.667,23.7672
1.668,23.9263
1.669,24.0791
1.67,24.2256
1.671,24.3657
1.672,24.4995
1.673,24.6268
1.674,24.7476
1.675,24.8619
1.676,24.9696
1.677,25.0708
1.678,25.1653
1.679,25.2532
1.68,25.3344
1.681,25.4089
1.682,25.4767
1.683,25.5377
1.684,25.592
1.685,25.6395
1.686,25.6801
1.687,25.7139
1.688,25.7409
1.689,25.761
1.69,25.7743
1.691,25.7807
1.692,25.7801
1.693,25.7727
1.694,25.7584
1.695,25.7372
1.696,25.7092
1.697,25.6742
1.698,25.6323
1.699,25.5835
1.7,25.5279
1.701,25.4653
1.702,25.3959
1.703,25.3197
1.704,25.2366
1.705,25.1467
1.706,25.05
1.707,24.9465
1.708,24.8363
1.709,24.7193
1.71,24.5956
1.711,24.4652
1.712,24.3281
1.713,24.1844
1.714,24.0341
1.715,23.8772
1.716,23.7138
1.717,23.5439
1.718,23.3675
1.719,23.1848
1.72,22.9956
1.721,22.8001
1.722,22.5983
1.723,22.3903
1.724,22.1761
1.725,21.9557
1.726,21.7292
1.727,21.4967
1.728,21.2582
1.729,21.0138
1.73,20.7635
1.731,20.5074
1.732,20.2456
1.733,19.9781
1.734,19.7049
1.735,19.4262
1.736,19.142
1.737,18.8523
1.738,18.5574
1.739,18.2571
1.74,17.9516
1.741,17.641
1.742,17.3254
1.743,17.0047
1.744,16.6792
1.745,16.3488
1.746,16.0137
1.747,15.6739
1.748,15.3295
1.749,14.9807
1.75,14.6274
1.751,14.2698
1.752,13.908
1.753,13.5421
1.754,13.1721
1.755,12.7981
1.756,12.4203
1.757,12.0387
1.758,11.6534
1.759,11.2646
1.76,10.8722
1.761,10.4765
1.762,10.0775
1.763,9.67524
1.764,9.26994
1.765,8.86166
1.766,8.45048
1.767,8.03653
1.768,7.6199
1.769,7.2007
1.77,6.77903
1.771,6.355
1.772,5.92872
1.773,5.50029
1.774,5.06982
1.775,4.63742
1.776,4.2032
1.777,3.76727
1.778,3.32974
1.779,2.89073
1.78,2.45033
1.781,2.00867
1.782,1.56586
1.783,1.12201
1.784,0.677229
1.785,0.231635
1.786,-0.214658
1.787,-0.661538
1.788,-1.10889
1.789,-1.5566
1.79,-2.00455
1.791,-2.45263
1.792,-2.90072
1.793,-3.34872
1.794,-3.79649
1.795,-4.24393
1.796,-4.69093
1.797,-5.13736
1.798,-5.58312
1.799,-6.02808
1.8,-6.47214
1.801,-6.91517
1.802,-7.35707
1.803,-7.79771
1.804,-8.237
1.805,-8.6748
1.806,-9.11101
1.807,-9.54551
1.808,-9.97819
1.809,-10.4089
1.81,-10.8377
1.811,-11.2642
1.812,-11.6885
1.813,-12.1104
1.814,-12.5298
1.815,-12.9466
1.816,-13.3607
1.817,-13.772
1.818,-14.1804
1.819,-14.5857
1.82,-14.9879
1.821,-15.3869
1.822,-15.7825
1.823,-16.1746
1.824,-16.5632
1.825,-16.9482
1.826,-17.3293
1.827,-17.7066
1.828,-18.0799
1.829,-18.4492
1.83,-18.8143
1.831,-19.1752
1.832,-19.5316
1.833,-19.8837
1.834,-20.2311
1.835,-20.574
1.836,-20.9121
1.837,-21.2454
1.838,-21.5737
1.839,-21.8971
1.84,-22.2154
1.841,-22.5285
1.842,-22.8363
1.843,-23.1388
1.844,-23.4358
1.845,-23.7273
1.846,-24.0133
1.847,-24.2935
1.848,-24.5681
1.849,-24.8368
1.85,-25.0996
1.851,-25.3564
1.852,-25.6072
1.853,-25.8518
1.854,-26.0903
1.855,-26.3225
1.856,-26.5484
1.857,-26.7679
1.858,-26.981
1.859,-27.1876
1.86,-27.3876
1.861,-27.581
1.862,-27.7677
1.863,-27.9476
1.864,-28.1208
1.865,-28.2872
1.866,-28.4466
1.867,-28.5991
1.868,-28.7446
1.869,-28.8831
1.87,-29.0145
1.871,-29.1388
1.872,-29.256
1.873,-29.3659
1.874,-29.4687
1.875,-29.5641
1.876,-29.6523
1.877,-29.7332
1.878,-29.8067
1.879,-29.8728
1.88,-29.9315
1.881,-29.9828
1.882,-30.0266
1.883,-30.0629
1.884,-30.0918
1.885,-30.1132
1.886,-30.127
1.887,-30.1333
1.888,-30.1321
1.889,-30.1233
1.89,-30.107
1.891,-30.0831
1.892,-30.0516
1.893,-30.0126
1.894,-29.966
1.895,-29.9118
1.896,-29.8501
1.897,-29.7809
1.898,-29.7041
1.899,-29.6197
1.9,-29.5279
1.901,-29.4285
1.902,-29.3217
1.903,-29.2073
1.904,-29.0856
1.905,-28.9564
1.906,-28.8198
1.907,-28.6758
1.908,-28.5244
1.909,-28.3658
1.91,-28.1998
1.911,-28.0266
1.912,-27.8461
1.913,-27.6585
1.914,-27.4637
1.915,-27.2618
1.916,-27.0528
1.917,-26.8369
1.918,-26.6139
1.919,-26.384
1.92,-26.1472
1.921,-25.9036
1.922,-25.6532
1.923,-25.3961
1.924,-25.1323
1.925,-24.8619
1.926,-24.5849
1.927,-24.3015
1.928,-24.0116
1.929,-23.7154
1.93,-23.4128
1.931,-23.1041
1.932,-22.7891
1.933,-22.4681
1.934,-22.1411
1.935,-21.8081
1.936,-21.4693
1.937,-21.1246
1.938,-20.7743
1.939,-20.4183
1.94,-20.0568
1.941,-19.6898
1.942,-19.3174
1.943,-18.9398
1.944,-18.5569
1.945,-18.1689
1.946,-17.7759
1.947,-17.3779
1.948,-16.9751
1.949,-16.5675
1.95,-16.1553
1.951,-15.7385
1.952,-15.3172
1.953,-14.8916
1.954,-14.4618
1.955,-14.0277
1.956,-13.5896
1.957,-13.1476
1.958,-12.7016
1.959,-12.252
1.96,-11.7987
1.961,-11.3418
1.962,-10.8816
1.963,-10.418
1.964,-9.95122
1.965,-9.48134
1.966,-9.00848
1.967,-8.53275
1.968,-8.05426
1.969,-7.57314
1.97,-7.08948
1.971,-6.60342
1.972,-6.11507
1.973,-5.62454
1.974,-5.13195
1.975,-4.63742
1.976,-4.14107
1.977,-3.64302
1.978,-3.14339
1.979,-2.6423
1.98,-2.13988
1.981,-1.63624
1.982,-1.1315
1.983,-0.625793
1.984,-0.119236
1.985,0.388046
1.986,0.895931
1.987,1.40429
1.988,1.91301
1.989,2.42196
1.99,2.93101
1.991,3.44005
1.992,3.94894
1.993,4.45757
1.994,4.96581
1.995,5.47352
1.996,5.9806
1.997,6.48691
1.998,6.99233
1.999,7.49673
2,8
2.001,8.502
2.002,9.00262
2.003,9.50172
2.004,9.99919
2.005,10.4949
2.006,10.9887
2.007,11.4806
2.008,11.9703
2.009,12.4577
2.01,12.9428
2.011,13.4254
2.012,13.9054
2.013,14.3827
2.014,14.8571
2.015,15.3285
2.016,15.7969
2.017,16.2621
2.018,16.7239
2.019,17.1823
2.02,17.6372
2.021,18.0884
2.022,18.5358
2.023,18.9794
2.024,19.4189
2.025,19.8543
2.026,20.2855
2.027,20.7124
2.028,21.1348
2.029,21.5527
2.03,21.9659
2.031,22.3744
2.032,22.778
2.033,23.1766
2.034,23.5702
2.035,23.9586
2.036,24.3417
2.037,24.7195
2.038,25.0918
2.039,25.4585
2.04,25.8196
2.041,26.1749
2.042,26.5244
2.043,26.868
2.044,27.2055
2.045,27.537
2.046,27.8622
2.047,28.1812
2.048,28.4938
2.049,28.7999
2.05,29.0996
2.051,29.3926
2.052,29.6789
2.053,29.9585
2.054,30.2313
2.055,30.4971
2.056,30.756
2.057,31.0078
2.058,31.2525
2.059,31.49
2.06,31.7203
2.061,31.9433
2.062,32.1589
2.063,32.367
2.064,32.5677
2.065,32.7609
2.066,32.9464
2.067,33.1243
2.068,33.2945
2.069,33.4569
2.07,33.6116
2.071,33.7584
2.072,33.8973
2.073,34.0283
2.074,34.1514
2.075,34.2664
2.076,34.3734
2.077,34.4724
2.078,34.5632
2.079,34.6459
2.08,34.7204
2.081,34.7868
2.082,34.8449
2.083,34.8948
2.084,34.9365
2.085,34.9699
2.086,34.995
2.087,35.0118
2.088,35.0203
2.089,35.0204
2.09,35.0123
2.091,34.9958
2.092,34.9709
2.093,34.9377
2.094,34.8962
2.095,34.8464
2.096,34.7882
2.097,34.7216
2.098,34.6468
2.099,34.5636
2.1,34.4721
2.101,34.3724
2.102,34.2644
2.103,34.1481
2.104,34.0236
2.105,33.8909
2.106,33.75
2.107,33.6009
2.108,33.4437
2.109,33.2784
2.11,33.1051
2.111,32.9237
2.112,32.7343
2.113,32.5369
2.114,32.3317
2.115,32.1185
2.116,31.8975
2.117,31.6687
2.118,31.4322
2.119,31.188
2.12,30.9361
2.121,30.6767
2.122,30.4097
2.123,30.1352
2.124,29.8534
2.125,29.5641
2.126,29.2676
2.127,28.9639
2.128,28.6529
2.129,28.3349
2.13,28.0099
2.131,27.6779
2.132,27.339
2.133,26.9933
2.134,26.6409
2.135,26.2818
2.136,25.9162
2.137,25.544
2.138,25.1655
2.139,24.7806
2.14,24.3895
2.141,23.9922
2.142,23.5889
2.143,23.1796
2.144,22.7644
2.145,22.3435
2.146,21.9168
2.147,21.4846
2.148,21.0468
2.149,20.6037
2.15,20.1553
2.151,19.7017
2.152,19.243
2.153,18.7793
2.154,18.3107
2.155,17.8373
2.156,17.3593
2.157,16.8768
2.158,16.3898
2.159,15.8984
2.16,15.4029
2.161,14.9032
2.162,14.3996
2.163,13.8921
2.164,13.3808
2.165,12.8659
2.166,12.3475
2.167,11.8257
2.168,11.3006
2.169,10.7724
2.17,10.2411
2.171,9.7069
2.172,9.16993
2.173,8.63031
2.174,8.08815
2.175,7.54359
2.176,6.99675
2.177,6.44775
2.178,5.89674
2.179,5.34383
2.18,4.78915
2.181,4.23284
2.182,3.67503
2.183,3.11584
2.184,2.55541
2.185,1.99387
2.186,1.43136
2.187,0.867994
2.188,0.303917
2.189,-0.260741
2.19,-0.825846
2.191,-1.39127
2.192,-1.95687
2.193,-2.52251
2.194,-3.08807
2.195,-3.65341
2.196,-4.2184
2.197,-4.7829
2.198,-5.34678
2.199,-5.9099
2.2,-6.47214
2.201,-7.03335
2.202,-7.59341
2.203,-8.15217
2.204,-8.70952
2.205,-9.26531
2.206,-9.81942
2.207,-10.3717
2.208,-10.9221
2.209,-11.4703
2.21,-12.0164
2.211,-12.5601
2.212,-13.1013
2.213,-13.6399
2.214,-14.1758
2.215,-14.7089
2.216,-15.2389
2.217,-15.7659
2.218,-16.2896
2.219,-16.8099
2.22,-17.3268
2.221,-17.84
2.222,-18.3495
2.223,-18.8551
2.224,-19.3568
2.225,-19.8543
2.226,-20.3476
2.227,-20.8366
2.228,-21.3212
2.229,-21.8011
2.23,-22.2764
2.231,-22.7468
2.232,-23.2123
2.233,-23.6728
2.234,-24.1282
2.235,-24.5783
2.236,-25.023
2.237,-25.4622
2.238,-25.8959
2.239,-26.3239
2.24,-26.746
2.241,-27.1623
2.242,-27.5726
2.243,-27.9768
2.244,-28.3748
2.245,-28.7666
2.246,-29.1519
2.247,-29.5307
2.248,-29.903
2.249,-30.2686
2.25,-30.6274
2.251,-30.9794
2.252,-31.3245
2.253,-31.6625
2.254,-31.9934
2.255,-32.3172
2.256,-32.6337
2.257,-32.9428
2.258,-33.2446
2.259,-33.5388
2.26,-33.8255
2.261,-34.1045
2.262,-34.3758
2.263,-34.6393
2.264,-34.895
2.265,-35.1428
2.266,-35.3826
2.267,-35.6144
2.268,-35.838
2.269,-36.0536
2.27,-36.2609
2.271,-36.4599
2.272,-36.6507
2.273,-36.8331
2.274,-37.0071
2.275,-37.1726
2.276,-37.3296
2.277,-37.4781
2.278,-37.6181
2.279,-37.7494
2.28,-37.872
2.281,-37.986
2.282,-38.0913
2.283,-38.1878
2.284,-38.2755
2.285,-38.3545
2.286,-38.4246
2.287,-38.4859
2.288,-38.5383
2.289,-38.5818
2.29,-38.6165
2.291,-38.6422
2.292,-38.6591
2.293,-38.667
2.294,-38.6659
2.295,-38.656
2.296,-38.6371
2.297,-38.6092
2.298,-38.5725
2.299,-38.5268
2.3,-38.4721
2.301,-38.4086
2.302,-38.3361
2.303,-38.2548
2.304,-38.1646
2.305,-38.0655
2.306,-37.9575
2.307,-37.8408
2.308,-37.7152
2.309,-37.5809
2.31,-37.4378
2.311,-37.286
2.312,-37.1255
2.313,-36.9563
2.314,-36.7786
2.315,-36.5922
2.316,-36.3973
2.317,-36.1939
2.318,-35.9821
2.319,-35.7618
2.32,-35.5332
2.321,-35.2963
2.322,-35.0511
2.323,-34.7977
2.324,-34.5361
2.325,-34.2664
2.326,-33.9887
2.327,-33.7031
2.328,-33.4095
2.329,-33.108
2.33,-32.7988
2.331,-32.4819
2.332,-32.1573
2.333,-31.8252
2.334,-31.4856
2.335,-31.1385
2.336,-30.7841
2.337,-30.4225
2.338,-30.0536
2.339,-29.6777
2.34,-29.2948
2.341,-28.9049
2.342,-28.5082
2.343,-28.1048
2.344,-27.6947
2.345,-27.278
2.346,-26.8548
2.347,-26.4253
2.348,-25.9896
2.349,-25.5476
2.35,-25.0996
2.351,-24.6455
2.352,-24.1857
2.353,-23.72
2.354,-23.2487
2.355,-22.7719
2.356,-22.2896
2.357,-21.8019
2.358,-21.3091
2.359,-20.8111
2.36,-20.3082
2.361,-19.8004
2.362,-19.2878
2.363,-18.7705
2.364,-18.2488
2.365,-17.7226
2.366,-17.1922
2.367,-16.6576
2.368,-16.1189
2.369,-15.5764
2.37,-15.03
2.371,-14.48
2.372,-13.9265
2.373,-13.3695
2.374,-12.8093
2.375,-12.2459
2.376,-11.6795
2.377,-11.1102
2.378,-10.5381
2.379,-9.9634
2.38,-9.38622
2.381,-8.80668
2.382,-8.22491
2.383,-7.64104
2.384,-7.05523
2.385,-6.46759
2.386,-5.87826
2.387,-5.28739
2.388,-4.6951
2.389,-4.10155
2.39,-3.50685
2.391,-2.91116
2.392,-2.31461
2.393,-1.71733
2.394,-1.11947
2.395,-0.521172
2.396,0.0774354
2.397,0.676209
2.398,1.27501
2.399,1.8737
2.4,2.47214
2.401,3.07018
2.402,3.6677
2.403,4.26455
2.404,4.86059
2.405,5.45569
2.406,6.0497
2.407,6.64249
2.408,7.23391
2.409,7.82384
2.41,8.41214
2.411,8.99866
2.412,9.58327
2.413,10.1658
2.414,10.7462
2.415,11.3243
2.416,11.8999
2.417,12.4729
2.418,13.0432
2.419,13.6107
2.42,14.1752
2.421,14.7365
2.422,15.2946
2.423,15.8493
2.424,16.4006
2.425,16.9482
2.426,17.492
2.427,18.0319
2.428,18.5678
2.429,19.0996
2.43,19.6271
2.431,20.1502
2.432,20.6688
2.433,21.1828
2.434,21.692
2.435,22.1963
2.436,22.6957
2.437,23.1899
2.438,23.679
2.439,24.1626
2.44,24.6409
2.441,25.1136
2.442,25.5806
2.443,26.0418
2.444,26.4971
2.445,26.9464
2.446,27.3897
2.447,27.8267
2.448,28.2574
2.449,28.6817
2.45,29.0996
2.451,29.5108
2.452,29.9153
2.453,30.313
2.454,30.7038
2.455,31.0876
2.456,31.4644
2.457,31.834
2.458,32.1963
2.459,32.5514
2.46,32.899
2.461,33.2391
2.462,33.5717
2.463,33.8966
2.464,34.2137
2.465,34.5231
2.466,34.8246
2.467,35.1181
2.468,35.4037
2.469,35.6811
2.47,35.9504
2.471,36.2115
2.472,36.4643
2.473,36.7088
2.474,36.9449
2.475,37.1726
2.476,37.3918
2.477,37.6024
2.478,37.8044
2.479,37.9978
2.48,38.1825
2.481,38.3584
2.482,38.5256
2.483,38.684
2.484,38.8335
2.485,38.9741
2.486,39.1059
2.487,39.2286
2.488,39.3424
2.489,39.4472
2.49,39.5429
2.491,39.6296
2.492,39.7073
2.493,39.7758
2.494,39.8353
2.495,39.8856
2.496,39.9268
2.497,39.9588
2.498,39.9817
2.499,39.9954
2.5,40
2.501,39.9954
2.502,39.9817
2.503,39.9588
2.504,39.9268
2.505,39.8856
2.506,39.8353
2.507,39.7758
2.508,39.7073
2.509,39.6296
2.51,39.5429
2.511,39.4472
2.512,39.3424
2.513,39.2286
2.514,39.1059
2.515,38.9741
2.516,38.8335
2.517,38.684
2.518,38.5256
2.519,38.3584
2.52,38.1825
2.521,37.9978
2.522,37.8044
2.523,37.6024
2.524,37.3918
2.525,37.1726
2.526,36.9449
2.527,36.7088
2.528,36.4643
2.529,36.2115
2.53,35.9504
2.531,35.6811
2.532,35.4037
2.533,35.1181
2.534,34.8246
2.535,34.5231
2.536,34.2137
2.537,33.8966
2.538,33.5717
2.539,33.2391
2.54,32.899
2.541,32.5514
2.542,32.1963
2.543,31.834
2.544,31.4644
2.545,31.0876
2.546,30.7038
2.547,30.313
2.548,29.9153
2.549,29.5108
2.55,29.0996
2.551,28.6817
2.552,28.2574
2.553,27.8267
2.554,27.3897
2.555,26.9464
2.556,26.4971
2.557,26.0418
2.558,25.5806
2.559,25.1136
2.56,24.6409
2.561,24.1626
2.562,23.679
2.563,23.1899
2.564,22.6957
2.565,22.1963
2.566,21.692
2.567,21.1828
2.568,20.6688
2.569,20.1502
2.57,19.6271
2.571,19.0996
2.572,18.5678
2.573,18.0319
2.574,17.492
2.575,16.9482
2.576,16.4006
2.577,15.8493
2.578,15.2946
2.579,14.7365
2.58,14.1752
2.581,13.6107
2.582,13.0432
2.583,12.4729
2.584,11.8999
2.585,11.3243
2.586,10.7462
2.587,10.1658
2.588,9.58327
2.589,8.99866
2.59,8.41214
2.591,7.82384
2.592,7.23391
2.593,6.64249
2.594,6.0497
2.595,5.45569
2.596,4.86059
2.597,4.26455
2.598,3.6677
2.599,3.07018
2.6,2.47214
2.601,1.8737
2.602,1.27501
2.603,0.676209
2.604,0.0774354
2.605,-0.521172
2.606,-1.11947
2.607,-1.71733
2.608,-2.31461
2.609,-2.91116
2.61,-3.50685
2.611,-4.10155
2.612,-4.6951
2.613,-5.28739
2.614,-5.87826
2.615,-6.46759
2.616,-7.05523
2.617,-7.64104
2.618,-8.22491
2.619,-8.80668
2.62,-9.38622
2.621,-9.9634
2.622,-10.5381
2.623,-11.1102
2.624,-11.6795
2.625,-12.2459
2.626,-12.8093
2.627,-13.3695
2.628,-13.9265
2.629,-14.48
2.63,-15.03
2.631,-15.5764
2.632,-16.1189
2.633,-16.6576
2.634,-17.1922
2.635,-17.7226
2.636,-18.2488
2.637,-18.7705
2.638,-19.2878
2.639,-19.8004
2.64,-20.3082
2.641,-20.8111
2.642,-21.3091
2.643,-21.8019
2.644,-22.2896
2.645,-22.7719
2.646,-23.2487
2.647,-23.72
2.648,-24.1857
2.649,-24.6455
2.65,-25.0996
2.651,-25.5476
2.652,-25.9896
2.653,-26.4253
2.654,-26.8548
2.655,-27.278
2.656,-27.6947
2.657,-28.1048
2.658,-28.5082
2.659,-28.9049
2.66,-29.2948
2.661,-29.6777
2.662,-30.0536
2.663,-30.4225
2.664,-30.7841
2.665,-31.1385
2.666,-31.4856
2.667,-31.8252
2.668,-32.1573
2.669,-32.4819
2.67,-32.7988
2.671,-33.108
2.672,-33.4095
2.673,-33.7031
2.674,-33.9887
2.675,-34.2664
2.676,-34.5361
2.677,-34.7977
2.678,-35.0511
2.679,-35.2963
2.68,-35.5332
2.681,-35.7618
2.682,-35.9821
2.683,-36.1939
2.684,-36.3973
2.685,-36.5922
2.686,-36.7786
2.687,-36.9563
2.688,-37.1255
2.689,-37.286
2.69,-37.4378
2.691,-37.5809
2.692,-37.7152
2.693,-37.8408
2.694,-37.9575
2.695,-38.0655
2.696,-38.1646
2.697,-38.2548
2.698,-38.3361
2.699,-38.4086
2.7,-38.4721
2.701,-38.5268
2.702,-38.5725
2.703,-38.6092
2.704,-38.6371
2.705,-38.656
2.706,-38.6659
2.707,-38.667
2.708,-38.6591
2.709,-38.6422
2.71,-38.6165
2.711,-38.5818
2.712,-38.5383
2.713,-38.4859
2.714,-38.4246
2.715,-38.3545
2.716,-38.2755
2.717,-38.1878
2.718,-38.0913
2.719,-37.986
2.72,-37.872
2.721,-37.7494
2.722,-37.6181
2.723,-37.4781
2.724,-37.3296
2.725,-37.1726
2.726,-37.0071
2.727,-36.8331
2.728,-36.6507
2.729,-36.4599
2.73,-36.2609
2.731,-36.0536
2.732,-35.838
2.733,-35.6144
2.734,-35.3826
2.735,-35.1428
2.736,-34.895
2.737,-34.6393
2.738,-34.3758
2.739,-34.1045
2.74,-33.8255
2.741,-33.5388
2.742,-33.2446
2.743,-32.9428
2.744,-32.6337
2.745,-32.3172
2.746,-31.9934
2.747,-31.6625
2.748,-31.3245
2.749,-30.9794
2.75,-30.6274
2.751,-30.2686
2.752,-29.903
2.753,-29.5307
2.754,-29.1519
2.755,-28.7666
2.756,-28.3748
2.757,-27.9768
2.758,-27.5726
2.759,-27.1623
2.76,-26.746
2.761,-26.3239
2.762,-25.8959
2.763,-25.4622
2.764,-25.023
2.765,-24.5783
2.766,-24.1282
2.767,-23.6728
2.768,-23.2123
2.769,-22.7468
2.77,-22.2764
2.771,-21.8011
2.772,-21.3212
2.773,-20.8366
2.774,-20.3476
2.775,-19.8543
2.776,-19.3568
2.777,-18.8551
2.778,-18.3495
2.779,-17.84
2.78,-17.3268
2.781,-16.8099
2.782,-16.2896
2.783,-15.7659
2.784,-15.2389
2.785,-14.7089
2.786,-14.1758
2.787,-13.6399
2.788,-13.1013
2.789,-12.5601
2.79,-12.0164
2.791,-11.4703
2.792,-10.9221
2.793,-10.3717
2.794,-9.81942
2.795,-9.26531
2.796,-8.70952
2.797,-8.15217
2.798,-7.59341
2.799,-7.03335
2.8,-6.47214
2.801,-5.9099
2.802,-5.34678
2.803,-4.7829
2.804,-4.2184
2.805,-3.65341
2.806,-3.08807
2.807,-2.52251
2.808,-1.95687
2.809,-1.39127
2.81,-0.825846
2.811,-0.260741
2.812,0.303917
2.813,0.867994
2.814,1.43136
2.815,1.99387
2.816,2.55541
2.817,3.11584
2.818,3.67503
2.819,4.23284
2.82,4.78915
2.821,5.34383
2.822,5.89674
2.823,6.44775
2.824,6.99675
2.825,7.54359
2.826,8.08815
2.827,8.63031
2.828,9.16993
2.829,9.7069
2.83,10.2411
2.831,10.7724
2.832,11.3006
2.833,11.8257
2.834,12.3475
2.835,12.8659
2.836,13.3808
2.837,13.8921
2.838,14.3996
2.839,14.9032
2.84,15.4029
2.841,15.8984
2.842,16.3898
2.843,16.8768
2.844,17.3593
2.845,17.8373
2.846,18.3107
2.847,18.7793
2.848,19.243
2.849,19.7017
2.85,20.1553
2.851,20.6037
2.852,21.0468
2.853,21.4846
2.854,21.9168
2.855,22.3435
2.856,22.7644
2.857,23.1796
2.858,23.5889
2.859,23.9922
2.86,24.3895
2.861,24.7806
2.862,25.1655
2.863,25.544
2.864,25.9162
2.865,26.2818
2.866,26.6409
2.867,26.9933
2.868,27.339
2.869,27.6779
2.87,28.0099
2.871,28.3349
2.872,28.6529
2.873,28.9639
2.874,29.2676
2.875,29.5641
2.876,29.8534
2.877,30.1352
2.878,30.4097
2.879,30.6767
2.88,30.9361
2.881,31.188
2.882,31.4322
2.883,31.6687
2.884,31.8975
2.885,32.1185
2.886,32.3317
2.887,32.5369
2.888,32.7343
2.889,32.9237
2.89,33.1051
2.891,33.2784
2.892,33.4437
2.893,33.6009
2.894,33.75
2.895,33.8909
2.896,34.0236
2.897,34.1481
2.898,34.2644
2.899,34.3724
2.9,34.4721
2.901,34.5636
2.902,34.6468
2.903,34.7216
2.904,34.7882
2.905,34.8464
2.906,34.8962
2.907,34.9377
2.908,34.9709
2.909,34.9958
2.91,35.0123
2.911,35.0204
2.912,35.0203
2.913,35.0118
2.914,34.995
2.915,34.9699
2.916,34.9365
2.917,34.8948
2.918,34.8449
2.919,34.7868
2.92,34.7204
2.921,34.6459
2.922,34.5632
2.923,34.4724
2.924,34.3734
2.925,34.2664
2.926,34.1514
2.927,34.0283
2.928,33.8973
2.929,33.7584
2.93,33.6116
2.931,33.4569
2.932,33.2945
2.933,33.1243
2.934,32.9464
2.935,32.7609
2.936,32.5677
2.937,32.367
2.938,32.1589
2.939,31.9433
2.94,31.7203
2.941,31.49
2.942,31.2525
2.943,31.0078
2.944,30.756
2.945,30.4971
2.946,30.2313
2.947,29.9585
2.948,29.6789
2.949,29.3926
2.95,29.0996
2.951,28.7999
2.952,28.4938
2.953,28.1812
2.954,27.8622
2.955,27.537
2.956,27.2055
2.957,26.868
2.958,26.5244
2.959,26.1749
2.96,25.8196
2.961,25.4585
2.962,25.0918
2.963,24.7195
2.964,24.3417
2.965,23.9586
2.966,23.5702
2.967,23.1766
2.968,22.778
2.969,22.3744
2.97,21.9659
2.971,21.5527
2.972,21.1348
2.973,20.7124
2.974,20.2855
2.975,19.8543
2.976,19.4189
2.977,18.9794
2.978,18.5358
2.979,18.0884
2.98,17.6372
2.981,17.1823
2.982,16.7239
2.983,16.2621
2.984,15.7969
2.985,15.3285
2.986,14.8571
2.987,14.3827
2.988,13.9054
2.989,13.4254
2.99,12.9428
2.991,12.4577
2.992,11.9703
2.993,11.4806
2.994,10.9887
2.995,10.4949
2.996,9.99919
2.997,9.50172
2.998,9.00262
2.999,8.502
3,8
3.001,7.49673
3.002,6.99233
3.003,6.48691
3.004,5.9806
3.005,5.47352
3.006,4.96581
3.007,4.45757
3.008,3.94894
3.009,3.44005
3.01,2.93101
3.011,2.42196
3.012,1.91301
3.013,1.40429
3.014,0.895931
3.015,0.388046
3.016,-0.119236
3.017,-0.625793
3.018,-1.1315
3.019,-1.63624
3.02,-2.13988
3.021,-2.6423
3.022,-3.14339
3.023,-3.64302
3.024,-4.14107
3.025,-4.63742
3.026,-5.13195
3.027,-5.62454
3.028,-6.11507
3.029,-6.60342
3.03,-7.08948
3.031,-7.57314
3.032,-8.05426
3.033,-8.53275
3.034,-9.00848
3.035,-9.48134
3.036,-9.95122
3.037,-10.418
3.038,-10.8816
3.039,-11.3418
3.04,-11.7987
3.041,-12.252
3.042,-12.7016
3.043,-13.1476
3.044,-13.5896
3.045,-14.0277
3.046,-14.4618
3.047,-14.8916
3.048,-15.3172
3.049,-15.7385
3.05,-16.1553
3.051,-16.5675
3.052,-16.9751
3.053,-17.3779
3.054,-17.7759
3.055,-18.1689
3.056,-18.5569
3.057,-18.9398
3.058,-19.3174
3.059,-19.6898
3.06,-20.0568
3.061,-20.4183
3.062,-20.7743
3.063,-21.1246
3.064,-21.4693
3.065,-21.8081
3.066,-22.1411
3.067,-22.4681
3.068,-22.7891
3.069,-23.1041
3.07,-23.4128
3.071,-23.7154
3.072,-24.0116
3.073,-24.3015
3.074,-24.5849
3.075,-24.8619
3.076,-25.1323
3.077,-25.3961
3.078,-25.6532
3.079,-25.9036
3.08,-26.1472
3.081,-26.384
3.082,-26.6139
3.083,-26.8369
3.084,-27.0528
3.085,-27.2618
3.086,-27.4637
3.087,-27.6585
3.088,-27.8461
3.089,-28.0266
3.09,-28.1998
3.091,-28.3658
3.092,-28.5244
3.093,-28.6758
3.094,-28.8198
3.095,-28.9564
3.096,-29.0856
3.097,-29.2073
3.098,-29.3217
3.099,-29.4285
3.1,-29.5279
3.101,-29.6197
3.102,-29.7041
3.103,-29.7809
3.104,-29.8501
3.105,-29.9118
3.106,-29.966
3.107,-30.0126
3.108,-30.0516
3.109,-30.0831
3.11,-30.107
3.111,-30.1233
3.112,-30.1321
3.113,-30.1333
3.114,-30.127
3.115,-30.1132
3.116,-30.0918
3.117,-30.0629
3.118,-30.0266
3.119,-29.9828
3.12,-29.9315
3.121,-29.8728
3.122,-29.8067
3.123,-29.7332
3.124,-29.6523
3.125,-29.5641
3.126,-29.4687
3.127,-29.3659
3.128,-29.256
3.129,-29.1388
3.13,-29.0145
3.131,-28.8831
3.132,-28.7446
3.133,-28.5991
3.134,-28.4466
3.135,-28.2872
3.136,-28.1208
3.137,-27.9476
3.138,-27.7677
3.139,-27.581
3.14,-27.3876
3.141,-27.1876
3.142,-26.981
3.143,-26.7679
3.144,-26.5484
3.145,-26.3225
3.146,-26.0903
3.147,-25.8518
3.148,-25.6072
3.149,-25.3564
3.15,-25.0996
3.151,-24.8368
3.152,-24.5681
3.153,-24.2935
3.154,-24.0133
3.155,-23.7273
3.156,-23.4358
3.157,-23.1388
3.158,-22.8363
3.159,-22.5285
3.16,-22.2154
3.161,-21.8971
3.162,-21.5737
3.163,-21.2454
3.164,-20.9121
3.165,-20.574
3.166,-20.2311
3.167,-19.8837
3.168,-19.5316
3.169,-19.1752
3.17,-18.8143
3.171,-18.4492
3.172,-18.0799
3.173,-17.7066
3.174,-17.3293
3.175,-16.9482
3.176,-16.5632
3.177,-16.1746
3.178,-15.7825
3.179,-15.3869
3.18,-14.9879
3.181,-14.5857
3.182,-14.1804
3.183,-13.772
3.184,-13.3607
3.185,-12.9466
3.186,-12.5298
3.187,-12.1104
3.188,-11.6885
3.189,-11.2642
3.19,-10.8377
3.191,-10.4089
3.192,-9.97819
3.193,-9.54551
3.194,-9.11101
3.195,-8.6748
3.196,-8.237
3.197,-7.79771
3.198,-7.35707
3.199,-6.91517
3.2,-6.47214
3.201,-6.02808
3.202,-5.58312
3.203,-5.13736
3.204,-4.69093
3.205,-4.24393
3.206,-3.79649
3.207,-3.34872
3.208,-2.90072
3.209,-2.45263
3.21,-2.00455
3.211,-1.5566
3.212,-1.10889
3.213,-0.661538
3.214,-0.214658
3.215,0.231635
3.216,0.677229
3.217,1.12201
3.218,1.56586
3.219,2.00867
3.22,2.45033
3.221,2.89073
3.222,3.32974
3.223,3.76727
3.224,4.2032
3.225,4.63742
3.226,5.06982
3.227,5.50029
3.228,5.92872
3.229,6.355
3.23,6.77903
3.231,7.2007
3.232,7.6199
3.233,8.03653
3.234,8.45048
3.235,8.86166
3.236,9.26994
3.237,9.67524
3.238,10.0775
3.239,10.4765
3.24,10.8722
3.241,11.2646
3.242,11.6534
3.243,12.0387
3.244,12.4203
3.245,12.7981
3.246,13.1721
3.247,13.5421
3.248,13.908
3.249,14.2698
3.25,14.6274
3.251,14.9807
3.252,15.3295
3.253,15.6739
3.254,16.0137
3.255,16.3488
3.256,16.6792
3.257,17.0047
3.258,17.3254
3.259,17.641
3.26,17.9516
3.261,18.2571
3.262,18.5574
3.263,18.8523
3.264,19.142
3.265,19.4262
3.266,19.7049
3.267,19.9781
3.268,20.2456
3.269,20.5074
3.27,20.7635
3.271,21.0138
3.272,21.2582
3.273,21.4967
3.274,21.7292
3.275,21.9557
3.276,22.1761
3.277,22.3903
3.278,22.5983
3.279,22.8001
3.28,22.9956
3.281,23.1848
3.282,23.3675
3.283,23.5439
3.284,23.7138
3.285,23.8772
3.286,24.0341
3.287,24.1844
3.288,24.3281
3.289,24.4652
3.29,24.5956
3.291,24.7193
3.292,24.8363
3.293,24.9465
3.294,25.05
3.295,25.1467
3.296,25.2366
3.297,25.3197
3.298,25.3959
3.299,25.4653
3.3,25.5279
3.301,25.5835
3.302,25.6323
3.303,25.6742
3.304,25.7092
3.305,25.7372
3.306,25.7584
3.307,25.7727
3.308,25.7801
3.309,25.7807
3.31,25.7743
3.311,25.761
3.312,25.7409
3.313,25.7139
3.314,25.6801
3.315,25.6395
3.316,25.592
3.317,25.5377
3.318,25.4767
3.319,25.4089
3.32,25.3344
3.321,25.2532
3.322,25.1653
3.323,25.0708
3.324,24.9696
3.325,24.8619
3.326,24.7476
3.327,24.6268
3.328,24.4995
3.329,24.3657
3.33,24.2256
3.331,24.0791
3.332,23.9263
3.333,23.7672
3.334,23.6019
3.335,23.4305
3.336,23.2529
3.337,23.0692
3.338,22.8795
3.339,22.6839
3.34,22.4823
3.341,22.2749
3.342,22.0617
3.343,21.8428
3.344,21.6182
3.345,21.388
3.346,21.1523
3.347,20.9111
3.348,20.6644
3.349,20.4125
3.35,20.1553
3.351,19.8929
3.352,19.6254
3.353,19.3528
3.354,19.0752
3.355,18.7928
3.356,18.5056
3.357,18.2136
3.358,17.917
3.359,17.6158
3.36,17.3101
3.361,17
3.362,16.6856
3.363,16.3669
3.364,16.0441
3.365,15.7173
3.366,15.3865
3.367,15.0518
3.368,14.7133
3.369,14.3711
3.37,14.0254
3.371,13.6761
3.372,13.3234
3.373,12.9674
3.374,12.6082
3.375,12.2459
3.376,11.8805
3.377,11.5122
3.378,11.1411
3.379,10.7673
3.38,10.3909
3.381,10.0119
3.382,9.63052
3.383,9.24683
3.384,8.86093
3.385,8.47292
3.386,8.08291
3.387,7.691
3.388,7.2973
3.389,6.90192
3.39,6.50495
3.391,6.10652
3.392,5.70672
3.393,5.30566
3.394,4.90346
3.395,4.50021
3.396,4.09603
3.397,3.69102
3.398,3.2853
3.399,2.87897
3.4,2.47214
3.401,2.06491
3.402,1.65741
3.403,1.24974
3.404,0.841998
3.405,0.434305
3.406,0.0267667
3.407,-0.380509
3.408,-0.787412
3.409,-1.19383
3.41,-1.59967
3.411,-2.00481
3.412,-2.40914
3.413,-2.81255
3.414,-3.21495
3.415,-3.61622
3.416,-4.01626
3.417,-4.41495
3.418,-4.8122
3.419,-5.20789
3.42,-5.60193
3.421,-5.9942
3.422,-6.38461
3.423,-6.77304
3.424,-7.1594
3.425,-7.54359
3.426,-7.92549
3.427,-8.30502
3.428,-8.68206
3.429,-9.05652
3.43,-9.4283
3.431,-9.79731
3.432,-10.1634
3.433,-10.5266
3.434,-10.8867
3.435,-11.2436
3.436,-11.5972
3.437,-11.9475
3.438,-12.2944
3.439,-12.6377
3.44,-12.9774
3.441,-13.3133
3.442,-13.6455
3.443,-13.9738
3.444,-14.298
3.445,-14.6182
3.446,-14.9343
3.447,-15.2461
3.448,-15.5536
3.449,-15.8567
3.45,-16.1553
3.451,-16.4493
3.452,-16.7387
3.453,-17.0234
3.454,-17.3033
3.455,-17.5784
3.456,-17.8485
3.457,-18.1136
3.458,-18.3736
3.459,-18.6284
3.46,-18.8781
3.461,-19.1225
3.462,-19.3615
3.463,-19.5951
3.464,-19.8233
3.465,-20.0459
3.466,-20.2629
3.467,-20.4743
3.468,-20.68
3.469,-20.8799
3.47,-21.074
3.471,-21.2623
3.472,-21.4446
3.473,-21.621
3.474,-21.7914
3.475,-21.9557
3.476,-22.1139
3.477,-22.266
3.478,-22.412
3.479,-22.5517
3.48,-22.6851
3.481,-22.8123
3.482,-22.9332
3.483,-23.0477
3.484,-23.1558
3.485,-23.2575
3.486,-23.3528
3.487,-23.4416
3.488,-23.524
3.489,-23.5998
3.49,-23.6691
3.491,-23.7319
3.492,-23.7881
3.493,-23.8377
3.494,-23.8807
3.495,-23.9171
3.496,-23.947
3.497,-23.9702
3.498,-23.9867
3.499,-23.9967
3.5,-24
3.501,-23.9967
3.502,-23.9867
3.503,-23.9702
3.504,-23.947
3.505,-23.9171
3.506,-23.8807
3.507,-23.8377
3.508,-23.7881
3.509,-23.7319
3.51,-23.6691
3.511,-23.5998
3.512,-23.524
3.513,-23.4416
3.514,-23.3528
3.515,-23.2575
3.516,-23.1558
3.517,-23.0477
3.518,-22.9332
3.519,-22.8123
3.52,-22.6851
3.521,-22.5517
3.522,-22.412
3.523,-22.266
3.524,-22.1139
3.525,-21.9557
3.526,-21.7914
3.527,-21.621
3.528,-21.4446
3.529,-21.2623
3.53,-21.074
3.531,-20.8799
3.532,-20.68
3.533,-20.4743
3.534,-20.2629
3.535,-20.0459
3.536,-19.8233
3.537,-19.5951
3.538,-19.3615
3.539,-19.1225
3.54,-18.8781
3.541,-18.6284
3.542,-18.3736
3.543,-18.1136
3.544,-17.8485
3.545,-17.5784
3.546,-17.3033
3.547,-17.0234
3.548,-16.7387
3.549,-16.4493
3.55,-16.1553
3.551,-15.8567
3.552,-15.5536
3.553,-15.2461
3.554,-14.9343
3.555,-14.6182
3.556,-14.298
3.557,-13.9738
3.558,-13.6455
3.559,-13.3133
3.56,-12.9774
3.561,-12.6377
3.562,-12.2944
3.563,-11.9475
3.564,-11.5972
3.565,-11.2436
3.566,-10.8867
3.567,-10.5266
3.568,-10.1634
3.569,-9.79731
3.57,-9.4283
3.571,-9.05652
3.572,-8.68206
3.573,-8.30502
3.574,-7.92549
3.575,-7.54359
3.576,-7.1594
3.577,-6.77304
3.578,-6.38461
3.579,-5.9942
3.58,-5.60193
3.581,-5.20789
3.582,-4.8122
3.583,-4.41495
3.584,-4.01626
3.585,-3.61622
3.586,-3.21495
3.587,-2.81255
3.588,-2.40914
3.589,-2.00481
3.59,-1.59967
3.591,-1.19383
3.592,-0.787412
3.593,-0.380509
3.594,0.0267667
3.595,0.434305
3.596,0.841998
3.597,1.24974
3.598,1.65741
3.599,2.06491
3.6,2.47214
3.601,2.87897
3.602,3.2853
3.603,3.69102
3.604,4.09603
3.605,4.50021
3.606,4.90346
3.607,5.30566
3.608,5.70672
3.609,6.10652
3.61,6.50495
3.611,6.90192
3.612,7.2973
3.613,7.691
3.614,8.08291
3.615,8.47292
3.616,8.86093
3.617,9.24683
3.618,9.63052
3.619,10.0119
3.62,10.3909
3.621,10.7673
3.622,11.1411
3.623,11.5122
3.624,11.8805
3.625,12.2459
3.626,12.6082
3.627,12.9674
3.628,13.3234
3.629,13.6761
3.63,14.0254
3.631,14.3711
3.632,14.7133
3.633,15.0518
3.634,15.3865
3.635,15.7173
3.636,16.0441
3.637,16.3669
3.638,16.6856
3.639,17
3.64,17.3101
3.641,17.6158
3.642,17.917
3.643,18.2136
3.644,18.5056
3.645,18.7928
3.646,19.0752
3.647,19.3528
3.648,19.6254
3.649,19.8929
3.65,20.1553
3.651,20.4125
3.652,20.6644
3.653,20.9111
3.654,21.1523
3.655,21.388
3.656,21.6182
3.657,21.8428
3.658,22.0617
3.659,22.2749
3.66,22.4823
3.661,22.6839
3.662,22.8795
3.663,23.0692
3.664,23.2529
3.665,23.4305
3.666,23.6019
3.667,23.7672
3.668,23.9263
3.669,24.0791
3.67,24.2256
3.671,24.3657
3.672,24.4995
3.673,24.6268
3.674,24.7476
3.675,24.8619
3.676,24.9696
3.677,25.0708
3.678,25.1653
3.679,25.2532
3.68,25.3344
3.681,25.4089
3.682,25.4767
3.683,25.5377
3.684,25.592
3.685,25.6395
3.686,25.6801
3.687,25.7139
3.688,25.7409
3.689,25.761
3.69,25.7743
3.691,25.7807
3.692,25.7801
3.693,25.7727
3.694,25.7584
3.695,25.7372
3.696,25.7092
3.697,25.6742
3.698,25.6323
3.699,25.5835
3.7,25.5279
3.701,25.4653
3.702,25.3959
3.703,25.3197
3.704,25.2366
3.705,25.1467
3.706,25.05
3.707,24.9465
3.708,24.8363
3.709,24.7193
3.71,24.5956
3.711,24.4652
3.712,24.3281
3.713,24.1844
3.714,24.0341
3.715,23.8772
3.716,23.7138
3.717,23.5439
3.718,23.3675
3.719,23.1848
3.72,22.9956
3.721,22.8001
3.722,22.5983
3.723,22.3903
3.724,22.1761
3.725,21.9557
3.726,21.7292
3.727,21.4967
3.728,21.2582
3.729,21.0138
3.73,20.7635
3.731,20.5074
3.732,20.2456
3.733,19.9781
3.734,19.7049
3.735,19.4262
3.736,19.142
3.737,18.8523
3.738,18.5574
3.739,18.2571
3.74,17.9516
3.741,17.641
3.742,17.3254
3.743,17.0047
3.744,16.6792
3.745,16.3488
3.746,16.0137
3.747,15.6739
3.748,15.3295
3.749,14.9807
3.75,14.6274
3.751,14.2698
3.752,13.908
3.753,13.5421
3.754,13.1721
3.755,12.7981
3.756,12.4203
3.757,12.0387
3.758,11.6534
3.759,11.2646
3.76,10.8722
3.761,10.4765
3.762,10.0775
3.763,9.67524
3.764,9.26994
3.765,8.86166
3.766,8.45048
3.767,8.03653
3.768,7.6199
3.769,7.2007
3.77,6.77903
3.771,6.355
3.772,5.92872
3.773,5.50029
3.774,5.06982
3.775,4.63742
3.776,4.2032
3.777,3.76727
3.778,3.32974
3.779,2.89073
3.78,2.45033
3.781,2.00867
3.782,1.56586
3.783,1.12201
3.784,0.677229
3.785,0.231635
3.786,-0.214658
3.787,-0.661538
3.788,-1.10889
3.789,-1.5566
3.79,-2.00455
3.791,-2.45263
3.792,-2.90072
3.793,-3.34872
3.794,-3.79649
3.795,-4.24393
3.796,-4.69093
3.797,-5.13736
3.798,-5.58312
3.799,-6.02808
3.8,-6.47214
3.801,-6.91517
3.802,-7.35707
3.803,-7.79771
3.804,-8.237
3.805,-8.6748
3.806,-9.11101
3.807,-9.54551
3.808,-9.97819
3.809,-10.4089
3.81,-10.8377
3.811,-11.2642
3.812,-11.6885
3.813,-12.1104
3.814,-12.5298
3.815,-12.9466
3.816,-13.3607
3.817,-13.772
3.818,-14.1804
3.819,-14.5857
3.82,-14.9879
3.821,-15.3869
3.822,-15.7825
3.823,-16.1746
3.824,-16.5632
3.825,-16.9482
3.826,-17.3293
3.827,-17.7066
3.828,-18.0799
3.829,-18.4492
3.83,-18.8143
3.831,-19.1752
3.832,-19.5316
3.833,-19.8837
3.834,-20.2311
3.835,-20.574
3.836,-20.9121
3.837,-21.2454
3.838,-21.5737
3.839,-21.8971
3.84,-22.2154
3.841,-22.5285
3.842,-22.8363
3.843,-23.1388
3.844,-23.4358
3.845,-23.7273
3.846,-24.0133
3.847,-24.2935
3.848,-24.5681
3.849,-24.8368
3.85,-25.0996
3.851,-25.3564
3.852,-25.6072
3.853,-25.8518
3.854,-26.0903
3.855,-26.3225
3.856,-26.5484
3.857,-26.7679
3.858,-26.981
3.859,-27.1876
3.86,-27.3876
3.861,-27.581
3.862,-27.7677
3.863,-27.9476
3.864,-28.1208
3.865,-28.2872
3.866,-28.4466
3.867,-28.5991
3.868,-28.7446
3.869,-28.8831
3.87,-29.0145
3.871,-29.1388
3.872,-29.256
3.873,-29.3659
3.874,-29.4687
3.875,-29.5641
3.876,-29.6523
3.877,-29.7332
3.878,-29.8067
3.879,-29.8728
3.88,-29.9315
3.881,-29.9828
3.882,-30.0266
3.883,-30.0629
3.884,-30.0918
3.885,-30.1132
3.886,-30.127
3.887,-30.1333
3.888,-30.1321
3.889,-30.1233
3.89,-30.107
3.891,-30.0831
3.892,-30.0516
3.893,-30.0126
3.894,-29.966
3.895,-29.9118
3.896,-29.8501
3.897,-29.7809
3.898,-29.7041
3.899,-29.6197
3.9,-29.5279
3.901,-29.4285
3.902,-29.3217
3.903,-29.2073
3.904,-29.0856
3.905,-28.9564
3.906,-28.8198
3.907,-28.6758
3.908,-28.5244
3.909,-28.3658
3.91,-28.1998
3.911,-28.0266
3.912,-27.8461
3.913,-27.6585
3.914,-27.4637
3.915,-27.2618
3.916,-27.0528
3.917,-26.8369
3.918,-26.6139
3.919,-26.384
3.92,-26.1472
3.921,-25.9036
3.922,-25.6532
3.923,-25.3961
3.924,-25.1323
3.925,-24.8619
3.926,-24.5849
3.927,-24.3015
3.928,-24.0116
3.929,-23.7154
3.93,-23.4128
3.931,-23.1041
3.932,-22.7891
3.933,-22.4681
3.934,-22.1411
3.935,-21.8081
3.936,-21.4693
3.937,-21.1246
3.938,-20.7743
3.939,-20.4183
3.94,-20.0568
3.941,-19.6898
3.942,-19.3174
3.943,-18.9398
3.944,-18.5569
3.945,-18.1689
3.946,-17.7759
3.947,-17.3779
3.948,-16.9751
3.949,-16.5675
3.95,-16.1553
3.951,-15.7385
3.952,-15.3172
3.953,-14.8916
3.954,-14.4618
3.955,-14.0277
3.956,-13.5896
3.957,-13.1476
3.958,-12.7016
3.959,-12.252
3.96,-11.7987
3.961,-11.3418
3.962,-10.8816
3.963,-10.418
3.964,-9.95122
3.965,-9.48134
3.966,-9.00848
3.967,-8.53275
3.968,-8.05426
3.969,-7.57314
3.97,-7.08948
3.971,-6.60342
3.972,-6.11507
3.973,-5.62454
3.974,-5.13195
3.975,-4.63742
3.976,-4.14107
3.977,-3.64302
3.978,-3.14339
3.979,-2.6423
3.98,-2.13988
3.981,-1.63624
3.982,-1.1315
3.983,-0.625793
3.984,-0.119236
3.985,0.388046
3.986,0.895931
3.987,1.40429
3.988,1.91301
3.989,2.42196
3.99,2.93101
3.991,3.44005
3.992,3.94894
3.993,4.45757
3.994,4.96581
3.995,5.47352
3.996,5.9806
3.997,6.48691
3.998,6.99233
3.999,7.49673
4,8
4.001,8.502
4.002,9.00262
4.003,9.50172
4.004,9.99919
4.005,10.4949
4.006,10.9887
4.007,11.4806
4.008,11.9703
4.009,12.4577
4.01,12.9428
4.011,13.4254
4.012,13.9054
4.013,14.3827
4.014,14.8571
4.015,15.3285
4.016,15.7969
4.017,16.2621
4.018,16.7239
4.019,17.1823
4.02,17.6372
4.021,18.0884
4.022,18.5358
4.023,18.9794
4.024,19.4189
4.025,19.8543
4.026,20.2855
4.027,20.7124
4.028,21.1348
4.029,21.5527
4.03,21.9659
4.031,22.3744
4.032,22.778
4.033,23.1766
4.034,23.5702
4.035,23.9586
4.036,24.3417
4.037,24.7195
4.038,25.0918
4.039,25.4585
4.04,25.8196
4.041,26.1749
4.042,26.5244
4.043,26.868
4.044,27.2055
4.045,27.537
4.046,27.8622
4.047,28.1812
4.048,28.4938
4.049,28.7999
4.05,29.0996
4.051,29.3926
4.052,29.6789
4.053,29.9585
4.054,30.2313
4.055,30.4971
4.056,30.756
4.057,31.0078
4.058,31.2525
4.059,31.49
4.06,31.7203
4.061,31.9433
4.062,32.1589
4.063,32.367
4.064,32.5677
4.065,32.7609
4.066,32.9464
4.067,33.1243
4.068,33.2945
4.069,33.4569
4.07,33.6116
4.071,33.7584
4.072,33.8973
4.073,34.0283
4.074,34.1514
4.075,34.2664
4.076,34.3734
4.077,34.4724
4.078,34.5632
4.079,34.6459
4.08,34.7204
4.081,34.7868
4.082,34.8449
4.083,34.8948
4.084,34.9365
4.085,34.9699
4.086,34.995
4.087,35.0118
4.088,35.0203
4.089,35.0204
4.09,35.0123
4.091,34.9958
4.092,34.9709
4.093,34.9377
4.094,34.8962
4.095,34.8464
4.096,34.7882
4.097,34.7216
4.098,34.6468
4.099,34.5636
4.1,34.4721
4.101,34.3724
4.102,34.2644
4.103,34.1481
4.104,34.0236
4.105,33.8909
4.106,33.75
4.107,33.6009
4.108,33.4437
4.109,33.2784
4.11,33.1051
4.111,32.9237
4.112,32.7343
4.113,32.5369
4.114,32.3317
4.115,32.1185
4.116,31.8975
4.117,31.6687
4.118,31.4322
4.119,31.188
4.12,30.9361
4.121,30.6767
4.122,30.4097
4.123,30.1352
4.124,29.8534
4.125,29.5641
4.126,29.2676
4.127,28.9639
4.128,28.6529
4.129,28.3349
4.13,28.0099
4.131,27.6779
4.132,27.339
4.133,26.9933
4.134,26.6409
4.135,26.2818
4.136,25.9162
4.137,25.544
4.138,25.1655
4.139,24.7806
4.14,24.3895
4.141,23.9922
4.142,23.5889
4.143,23.1796
4.144,22.7644
4.145,22.3435
4.146,21.9168
4.147,21.4846
4.148,21.0468
4.149,20.6037
4.15,20.1553
4.151,19.7017
4.152,19.243
4.153,18.7793
4.154,18.3107
4.155,17.8373
4.156,17.3593
4.157,16.8768
4.158,16.3898
4.159,15.8984
4.16,15.4029
4.161,14.9032
4.162,14.3996
4.163,13.8921
4.164,13.3808
4.165,12.8659
4.166,12.3475
4.167,11.8257
4.168,11.3006
4.169,10.7724
4.17,10.2411
4.171,9.7069
4.172,9.16993
4.173,8.63031
4.174,8.08815
4.175,7.54359
4.176,6.99675
4.177,6.44775
4.178,5.89674
4.179,5.34383
4.18,4.78915
4.181,4.23284
4.182,3.67503
4.183,3.11584
4.184,2.55541
4.185,1.99387
4.186,1.43136
4.187,0.867994
4.188,0.303917
4.189,-0.260741
4.19,-0.825846
4.191,-1.39127
4.192,-1.95687
4.193,-2.52251
4.194,-3.08807
4.195,-3.65341
4.196,-4.2184
4.197,-4.7829
4.198,-5.34678
4.199,-5.9099
4.2,-6.47214
4.201,-7.03335
4.202,-7.59341
4.203,-8.15217
4.204,-8.70952
4.205,-9.26531
4.206,-9.81942
4.207,-10.3717
4.208,-10.9221
4.209,-11.4703
4.21,-12.0164
4.211,-12.5601
4.212,-13.1013
4.213,-13.6399
4.214,-14.1758
4.215,-14.7089
4.216,-15.2389
4.217,-15.7659
4.218,-16.2896
4.219,-16.8099
4.22,-17.3268
4.221,-17.84
4.222,-18.3495
4.223,-18.8551
4.224,-19.3568
4.225,-19.8543
4.226,-20.3476
4.227,-20.8366
4.228,-21.3212
4.229,-21.8011
4.23,-22.2764
4.231,-22.7468
4.232,-23.2123
4.233,-23.6728
4.234,-24.1282
4.235,-24.5783
4.236,-25.023
4.237,-25.4622
4.238,-25.8959
4.239,-26.3239
4.24,-26.746
4.241,-27.1623
4.242,-27.5726
4.243,-27.9768
4.244,-28.3748
4.245,-28.7666
4.246,-29.1519
4.247,-29.5307
4.248,-29.903
4.249,-30.2686
4.25,-30.6274
4.251,-30.9794
4.252,-31.3245
4.253,-31.6625
4.254,-31.9934
4.255,-32.3172
4.256,-32.6337
4.257,-32.9428
4.258,-33.2446
4.259,-33.5388
4.26,-33.8255
4.261,-34.1045
4.262,-34.3758
4.263,-34.6393
4.264,-34.895
4.265,-35.1428
4.266,-35.3826
4.267,-35.6144
4.268,-35.838
4.269,-36.0536
4.27,-36.2609
4.271,-36.4599
4.272,-36.6507
4.273,-36.8331
4.274,-37.0071
4.275,-37.1726
4.276,-37.3296
4.277,-37.4781
4.278,-37.6181
4.279,-37.7494
4.28,-37.872
4.281,-37.986
4.282,-38.0913
4.283,-38.1878
4.284,-38.2755
4.285,-38.3545
4.286,-38.4246
4.287,-38.4859
4.288,-38.5383
4.289,-38.5818
4.29,-38.6165
4.291,-38.6422
4.292,-38.6591
4.293,-38.667
4.294,-38.6659
4.295,-38.656
4.296,-38.6371
4.297,-38.6092
4.298,-38.5725
4.299,-38.5268
4.3,-38.4721
4.301,-38.4086
4.302,-38.3361
4.303,-38.2548
4.304,-38.1646
4.305,-38.0655
4.306,-37.9575
4.307,-37.8408
4.308,-37.7152
4.309,-37.5809
4.31,-37.4378
4.311,-37.286
4.312,-37.1255
4.313,-36.9563
4.314,-36.7786
4.315,-36.5922
4.316,-36.3973
4.317,-36.1939
4.318,-35.9821
4.319,-35.7618
4.32,-35.5332
4.321,-35.2963
4.322,-35.0511
4.323,-34.7977
4.324,-34.5361
4.325,-34.2664
4.326,-33.9887
4.327,-33.7031
4.328,-33.4095
4.329,-33.108
4.33,-32.7988
4.331,-32.4819
4.332,-32.1573
4.333,-31.8252
4.334,-31.4856
4.335,-31.1385
4.336,-30.7841
4.337,-30.4225
4.338,-30.0536
4.339,-29.6777
4.34,-29.2948
4.341,-28.9049
4.342,-28.5082
4.343,-28.1048
4.344,-27.6947
4.345,-27.278
4.346,-26.8548
4.347,-26.4253
4.348,-25.9896
4.349,-25.5476
4.35,-25.0996
4.351,-24.6455
4.352,-24.1857
4.353,-23.72
4.354,-23.2487
4.355,-22.7719
4.356,-22.2896
4.357,-21.8019
4.358,-21.3091
4.359,-20.8111
4.36,-20.3082
4.361,-19.8004
4.362,-19.2878
4.363,-18.7705
4.364,-18.2488
4.365,-17.7226
4.366,-17.1922
4.367,-16.6576
4.368,-16.1189
4.369,-15.5764
4.37,-15.03
4.371,-14.48
4.372,-13.9265
4.373,-13.3695
4.374,-12.8093
4.375,-12.2459
4.376,-11.6795
4.377,-11.1102
4.378,-10.5381
4.379,-9.9634
4.38,-9.38622
4.381,-8.80668
4.382,-8.22491
4.383,-7.64104
4.384,-7.05523
4.385,-6.46759
4.386,-5.87826
4.387,-5.28739
4.388,-4.6951
4.389,-4.10155
4.39,-3.50685
4.391,-2.91116
4.392,-2.31461
4.393,-1.71733
4.394,-1.11947
4.395,-0.521172
4.396,0.0774354
4.397,0.676209
4.398,1.27501
4.399,1.8737
4.4,2.47214
4.401,3.07018
4.402,3.6677
4.403,4.26455
4.404,4.86059
4.405,5.45569
4.406,6.0497
4.407,6.64249
4.408,7.23391
4.409,7.82384
4.41,8.41214
4.411,8.99866
4.412,9.58327
4.413,10.1658
4.414,10.7462
4.415,11.3243
4.416,11.8999
4.417,12.4729
4.418,13.0432
4.419,13.6107
4.42,14.1752
4.421,14.7365
4.422,15.2946
4.423,15.8493
4.424,16.4006
4.425,16.9482
4.426,17.492
4.427,18.0319
4.428,18.5678
4.429,19.0996
4.43,19.6271
4.431,20.1502
4.432,20.6688
4.433,21.1828
4.434,21.692
4.435,22.1963
4.436,22.6957
4.437,23.1899
4.438,23.679
4.439,24.1626
4.44,24.6409
4.441,25.1136
4.442,25.5806
4.443,26.0418
4.444,26.4971
4.445,26.9464
4.446,27.3897
4.447,27.8267
4.448,28.2574
4.449,28.6817
4.45,29.0996
4.451,29.5108
4.452,29.9153
4.453,30.313
4.454,30.7038
4.455,31.0876
4.456,31.4644
4.457,31.834
4.458,32.1963
4.459,32.5514
4.46,32.899
4.461,33.2391
4.462,33.5717
4.463,33.8966
4.464,34.2137
4.465,34.5231
4.466,34.8246
4.467,35.1181
4.468,35.4037
4.469,35.6811
4.47,35.9504
4.471,36.2115
4.472,36.4643
4.473,36.7088
4.474,36.9449
4.475,37.1726
4.476,37.3918
4.477,37.6024
4.478,37.8044
4.479,37.9978
4.48,38.1825
4.481,38.3584
4.482,38.5256
4.483,38.684
4.484,38.8335
4.485,38.9741
4.486,39.1059
4.487,39.2286
4.488,39.3424
4.489,39.4472
4.49,39.5429
4.491,39.6296
4.492,39.7073
4.493,39.7758
4.494,39.8353
4.495,39.8856
4.496,39.9268
4.497,39.9588
4.498,39.9817
4.499,39.9954
4.5,40
4.501,39.9954
4.502,39.9817
4.503,39.9588
4.504,39.9268
4.505,39.8856
4.506,39.8353
4.507,39.7758
4.508,39.7073
4.509,39.6296
4.51,39.5429
4.511,39.4472
4.512,39.3424
4.513,39.2286
4.514,39.1059
4.515,38.9741
4.516,38.8335
4.517,38.684
4.518,38.5256
4.519,38.3584
4.52,38.1825
4.521,37.9978
4.522,37.8044
4.523,37.6024
4.524,37.3918
4.525,37.1726
4.526,36.9449
4.527,36.7088
4.528,36.4643
4.529,36.2115
4.53,35.9504
4.531,35.6811
4.532,35.4037
4.533,35.1181
4.534,34.8246
4.535,34.5231
4.536,34.2137
4.537,33.8966
4.538,33.5717
4.539,33.2391
4.54,32.899
4.541,32.5514
4.542,32.1963
4.543,31.834
4.544,31.4644
4.545,31.0876
4.546,30.7038
4.547,30.313
4.548,29.9153
4.549,29.5108
4.55,29.0996
4.551,28.6817
4.552,28.2574
4.553,27.8267
4.554,27.3897
4.555,26.9464
4.556,26.4971
4.557,26.0418
4.558,25.5806
4.559,25.1136
4.56,24.6409
4.561,24.1626
4.562,23.679
4.563,23.1899
4.564,22.6957
4.565,22.1963
4.566,21.692
4.567,21.1828
4.568,20.6688
4.569,20.1502
4.57,19.6271
4.571,19.0996
4.572,18.5678
4.573,18.0319
4.574,17.492
4.575,16.9482
4.576,16.4006
4.577,15.8493
4.578,15.2946
4.579,14.7365
4.58,14.1752
4.581,13.6107
4.582,13.0432
4.583,12.4729
4.584,11.8999
4.585,11.3243
4.586,10.7462
4.587,10.1658
4.588,9.58327
4.589,8.99866
4.59,8.41214
4.591,7.82384
4.592,7.23391
4.593,6.64249
4.594,6.0497
4.595,5.45569
4.596,4.86059
4.597,4.26455
4.598,3.6677
4.599,3.07018
4.6,2.47214
4.601,1.8737
4.602,1.27501
4.603,0.676209
4.604,0.0774354
4.605,-0.521172
4.606,-1.11947
4.607,-1.71733
4.608,-2.31461
4.609,-2.91116
4.61,-3.50685
4.611,-4.10155
4.612,-4.6951
4.613,-5.28739
4.614,-5.87826
4.615,-6.46759
4.616,-7.05523
4.617,-7.64104
4.618,-8.22491
4.619,-8.80668
4.62,-9.38622
4.621,-9.9634
4.622,-10.5381
4.623,-11.1102
4.624,-11.6795
4.625,-12.2459
4.626,-12.8093
4.627,-13.3695
4.628,-13.9265
4.629,-14.48
4.63,-15.03
4.631,-15.5764
4.632,-16.1189
4.633,-16.6576
4.634,-17.1922
4.635,-17.7226
4.636,-18.2488
4.637,-18.7705
4.638,-19.2878
4.639,-19.8004
4.64,-20.3082
4.641,-20.8111
4.642,-21.3091
4.643,-21.8019
4.644,-22.2896
4.645,-22.7719
4.646,-23.2487
4.647,-23.72
4.648,-24.1857
4.649,-24.6455
4.65,-25.0996
4.651,-25.5476
4.652,-25.9896
4.653,-26.4253
4.654,-26.8548
4.655,-27.278
4.656,-27.6947
4.657,-28.1048
4.658,-28.5082
4.659,-28.9049
4.66,-29.2948
4.661,-29.6777
4.662,-30.0536
4.663,-30.4225
4.664,-30.7841
4.665,-31.1385
4.666,-31.4856
4.667,-31.8252
4.668,-32.1573
4.669,-32.4819
4.67,-32.7988
4.671,-33.108
4.672,-33.4095
4.673,-33.7031
4.674,-33.9887
4.675,-34.2664
4.676,-34.5361
4.677,-34.7977
4.678,-35.0511
4.679,-35.2963
4.68,-35.5332
4.681,-35.7618
4.682,-35.9821
4.683,-36.1939
4.684,-36.3973
4.685,-36.5922
4.686,-36.7786
4.687,-36.9563
4.688,-37.1255
4.689,-37.286
4.69,-37.4378
4.691,-37.5809
4.692,-37.7152
4.693,-37.8408
4.694,-37.9575
4.695,-38.0655
4.696,-38.1646
4.697,-38.2548
4.698,-38.3361
4.699,-38.4086
4.7,-38.4721
4.701,-38.5268
4.702,-38.5725
4.703,-38.6092
4.704,-38.6371
4.705,-38.656
4.706,-38.6659
4.707,-38.667
4.708,-38.6591
4.709,-38.6422
4.71,-38.6165
4.711,-38.5818
4.712,-38.5383
4.713,-38.4859
4.714,-38.4246
4.715,-38.3545
4.716,-38.2755
4.717,-38.1878
4.718,-38.0913
4.719,-37.986
4.72,-37.872
4.721,-37.7494
4.722,-37.6181
4.723,-37.4781
4.724,-37.3296
4.725,-37.1726
4.726,-37.0071
4.727,-36.8331
4.728,-36.6507
4.729,-36.4599
4.73,-36.2609
4.731,-36.0536
4.732,-35.838
4.733,-35.6144
4.734,-35.3826
4.735,-35.1428
4.736,-34.895
4.737,-34.6393
4.738,-34.3758
4.739,-34.1045
4.74,-33.8255
4.741,-33.5388
4.742,-33.2446
4.743,-32.9428
4.744,-32.6337
4.745,-32.3172
4.746,-31.9934
4.747,-31.6625
4.748,-31.3245
4.749,-30.9794
4.75,-30.6274
4.751,-30.2686
4.752,-29.903
4.753,-29.5307
4.754,-29.1519
4.755,-28.7666
4.756,-28.3748
4.757,-27.9768
4.758,-27.5726
4.759,-27.1623
4.76,-26.746
4.761,-26.3239
4.762,-25.8959
4.763,-25.4622
4.764,-25.023
4.765,-24.5783
4.766,-24.1282
4.767,-23.6728
4.768,-23.2123
4.769,-22.7468
4.77,-22.2764
4.771,-21.8011
4.772,-21.3212
4.773,-20.8366
4.774,-20.3476
4.775,-19.8543
4.776,-19.3568
4.777,-18.8551
4.778,-18.3495
4.779,-17.84
4.78,-17.3268
4.781,-16.8099
4.782,-16.2896
4.783,-15.7659
4.784,-15.2389
4.785,-14.7089
4.786,-14.1758
4.787,-13.6399
4.788,-13.1013
4.789,-12.5601
4.79,-12.0164
4.791,-11.4703
4.792,-10.9221
4.793,-10.3717
4.794,-9.81942
4.795,-9.26531
4.796,-8.70952
4.797,-8.15217
4.798,-7.59341
4.799,-7.03335
4.8,-6.47214
4.801,-5.9099
4.802,-5.34678
4.803,-4.7829
4.804,-4.2184
4.805,-3.65341
4.806,-3.08807
4.807,-2.52251
4.808,-1.95687
4.809,-1.39127
4.81,-0.825846
4.811,-0.260741
4.812,0.303917
4.813,0.867994
4.814,1.43136
4.815,1.99387
4.816,2.55541
4.817,3.11584
4.818,3.67503
4.819,4.23284
4.82,4.78915
4.821,5.34383
4.822,5.89674
4.823,6.44775
4.824,6.99675
4.825,7.54359
4.826,8.08815
4.827,8.63031
4.828,9.16993
4.829,9.7069
4.83,10.2411
4.831,10.7724
4.832,11.3006
4.833,11.8257
4.834,12.3475
4.835,12.8659
4.836,13.3808
4.837,13.8921
4.838,14.3996
4.839,14.9032
4.84,15.4029
4.841,15.8984
4.842,16.3898
4.843,16.8768
4.844,17.3593
4.845,17.8373
4.846,18.3107
4.847,18.7793
4.848,19.243
4.849,19.7017
4.85,20.1553
4.851,20.6037
4.852,21.0468
4.853,21.4846
4.854,21.9168
4.855,22.3435
4.856,22.7644
4.857,23.1796
4.858,23.5889
4.859,23.9922
4.86,24.3895
4.861,24.7806
4.862,25.1655
4.863,25.544
4.864,25.9162
4.865,26.2818
4.866,26.6409
4.867,26.9933
4.868,27.339
4.869,27.6779
4.87,28.0099
4.871,28.3349
4.872,28.6529
4.873,28.9639
4.874,29.2676
4.875,29.5641
4.876,29.8534
4.877,30.1352
4.878,30.4097
4.879,30.6767
4.88,30.9361
4.881,31.188
4.882,31.4322
4.883,31.6687
4.884,31.8975
4.885,32.1185
4.886,32.3317
4.887,32.5369
4.888,32.7343
4.889,32.9237
4.89,33.1051
4.891,33.2784
4.892,33.4437
4.893,33.6009
4.894,33.75
4.895,33.8909
4.896,34.0236
4.897,34.1481
4.898,34.2644
4.899,34.3724
4.9,34.4721
4.901,34.5636
4.902,34.6468
4.903,34.7216
4.904,34.7882
4.905,34.8464
4.906,34.8962
4.907,34.9377
4.908,34.9709
4.909,34.9958
4.91,35.0123
4.911,35.0204
4.912,35.0203
4.913,35.0118
4.914,34.995
4.915,34.9699
4.916,34.9365
4.917,34.8948
4.918,34.8449
4.919,34.7868
4.92,34.7204
4.921,34.6459
4.922,34.5632
4.923,34.4724
4.924,34.3734
4.925,34.2664
4.926,34.1514
4.927,34.0283
4.928,33.8973
4.929,33.7584
4.93,33.6116
4.931,33.4569
4.932,33.2945
4.933,33.1243
4.934,32.9464
4.935,32.7609
4.936,32.5677
4.937,32.367
4.938,32.1589
4.939,31.9433
4.94,31.7203
4.941,31.49
4.942,31.2525
4.943,31.0078
4.944,30.756
4.945,30.4971
4.946,30.2313
4.947,29.9585
4.948,29.6789
4.949,29.3926
4.95,29.0996
4.951,28.7999
4.952,28.4938
4.953,28.1812
4.954,27.8622
4.955,27.537
4.956,27.2055
4.957,26.868
4.958,26.5244
4.959,26.1749
4.96,25.8196
4.961,25.4585
4.962,25.0918
4.963,24.7195
4.964,24.3417
4.965,23.9586
4.966,23.5702
4.967,23.1766
4.968,22.778
4.969,22.3744
4.97,21.9659
4.971,21.5527
4.972,21.1348
4.973,20.7124
4.974,20.2855
4.975,19.8543
4.976,19.4189
4.977,18.9794
4.978,18.5358
4.979,18.0884
4.98,17.6372
4.981,17.1823
4.982,16.7239
4.983,16.2621
4.984,15.7969
4.985,15.3285
4.986,14.8571
4.987,14.3827
4.988,13.9054
4.989,13.4254
4.99,12.9428
4.991,12.4577
4.992,11.9703
4.993,11.4806
4.994,10.9887
4.995,10.4949
4.996,9.99919
4.997,9.50172
4.998,9.00262
4.999,8.502
5,8
